,Trial,Block,Subject,Original_trial,Condition,Perturb_type,Perturb_size,Perturb_bip,Valid_trial,Message,Error
0,0,0,0,0,2,1,0,20,0,;SB;FB;NB;A125;I500;n35;P0;B20;T1;X,SkipStim
1,1,0,0,1,1,1,-20,19,1,;SB;FB;NB;A125;I500;n35;P-20;B19;T1;X,NoError
2,2,0,0,2,0,1,-50,18,0,;SB;FB;NB;A125;I500;n35;P-50;B18;T1;X,SkipStim
3,3,0,0,3,3,1,20,21,0,;SB;FB;NB;A125;I500;n35;P20;B21;T1;X,SkipStim
4,4,0,0,4,0,1,-50,18,1,;SB;FB;NB;A125;I500;n35;P-50;B18;T1;X,NoError
5,5,0,0,5,2,1,0,20,1,;SB;FB;NB;A125;I500;n35;P0;B20;T1;X,NoError
6,6,0,0,6,4,1,50,19,1,;SB;FB;NB;A125;I500;n35;P50;B19;T1;X,NoError
7,7,0,0,7,2,1,0,19,1,;SB;FB;NB;A125;I500;n35;P0;B19;T1;X,NoError
8,8,0,0,8,1,1,-20,21,1,;SB;FB;NB;A125;I500;n35;P-20;B21;T1;X,NoError
9,9,0,0,9,0,1,-50,20,1,;SB;FB;NB;A125;I500;n35;P-50;B20;T1;X,NoError
10,10,0,0,10,3,1,20,20,1,;SB;FB;NB;A125;I500;n35;P20;B20;T1;X,NoError
11,11,0,0,11,3,1,20,21,1,;SB;FB;NB;A125;I500;n35;P20;B21;T1;X,NoError
12,12,0,0,12,4,1,50,21,1,;SB;FB;NB;A125;I500;n35;P50;B21;T1;X,NoError
13,13,0,0,13,2,1,0,18,1,;SB;FB;NB;A125;I500;n35;P0;B18;T1;X,NoError
14,14,0,0,14,4,1,50,17,1,;SB;FB;NB;A125;I500;n35;P50;B17;T1;X,NoError
15,15,0,0,15,1,1,-20,19,1,;SB;FB;NB;A125;I500;n35;P-20;B19;T1;X,NoError
16,16,0,0,16,1,1,-20,18,1,;SB;FB;NB;A125;I500;n35;P-20;B18;T1;X,NoError
17,17,0,0,17,4,1,50,21,1,;SB;FB;NB;A125;I500;n35;P50;B21;T1;X,NoError
18,18,0,0,18,1,1,-20,17,1,;SB;FB;NB;A125;I500;n35;P-20;B17;T1;X,NoError
19,19,0,0,19,3,1,20,21,0,;SB;FB;NB;A125;I500;n35;P20;B21;T1;X,SkipStim
20,20,0,0,0,2,1,0,20,0,;SB;FB;NB;A125;I500;n35;P0;B20;T1;X,SkipStim
21,21,0,0,2,0,1,-50,18,1,;SB;FB;NB;A125;I500;n35;P-50;B18;T1;X,NoError
22,22,0,0,3,3,1,20,21,0,;SB;FB;NB;A125;I500;n35;P20;B21;T1;X,SkipStim
23,23,0,0,19,3,1,20,21,0,;SB;FB;NB;A125;I500;n35;P20;B21;T1;X,SkipStim
24,24,0,0,0,2,1,0,20,1,;SB;FB;NB;A125;I500;n35;P0;B20;T1;X,NoError
25,25,0,0,3,3,1,20,21,0,;SB;FB;NB;A125;I500;n35;P20;B21;T1;X,SkipStim
26,26,0,0,19,3,1,20,21,0,;SB;FB;NB;A125;I500;n35;P20;B21;T1;X,SkipStim
27,27,0,0,3,3,1,20,21,1,;SB;FB;NB;A125;I500;n35;P20;B21;T1;X,NoError
28,28,0,0,19,3,1,20,21,1,;SB;FB;NB;A125;I500;n35;P20;B21;T1;X,NoError
29,0,1,0,0,1,1,-20,19,1,;SB;FB;NB;A125;I500;n35;P-20;B19;T1;X,NoError
30,1,1,0,1,4,1,50,18,1,;SB;FB;NB;A125;I500;n35;P50;B18;T1;X,NoError
31,2,1,0,2,4,1,50,21,1,;SB;FB;NB;A125;I500;n35;P50;B21;T1;X,NoError
32,3,1,0,3,2,1,0,21,0,;SB;FB;NB;A125;I500;n35;P0;B21;T1;X,SkipStim
33,4,1,0,4,3,1,20,19,1,;SB;FB;NB;A125;I500;n35;P20;B19;T1;X,NoError
34,5,1,0,5,2,1,0,19,0,;SB;FB;NB;A125;I500;n35;P0;B19;T1;X,SkipStim
35,6,1,0,6,0,1,-50,20,1,;SB;FB;NB;A125;I500;n35;P-50;B20;T1;X,NoError
36,7,1,0,7,0,1,-50,21,0,;SB;FB;NB;A125;I500;n35;P-50;B21;T1;X,SkipStim
37,8,1,0,8,4,1,50,19,0,;SB;FB;NB;A125;I500;n35;P50;B19;T1;X,SkipStim
38,9,1,0,9,1,1,-20,18,1,;SB;FB;NB;A125;I500;n35;P-20;B18;T1;X,NoError
39,10,1,0,10,1,1,-20,17,1,;SB;FB;NB;A125;I500;n35;P-20;B17;T1;X,NoError
40,11,1,0,11,2,1,0,21,0,;SB;FB;NB;A125;I500;n35;P0;B21;T1;X,SkipStim
41,12,1,0,12,0,1,-50,17,1,;SB;FB;NB;A125;I500;n35;P-50;B17;T1;X,NoError
42,13,1,0,13,0,1,-50,21,0,;SB;FB;NB;A125;I500;n35;P-50;B21;T1;X,SkipStim
43,14,1,0,14,1,1,-20,19,1,;SB;FB;NB;A125;I500;n35;P-20;B19;T1;X,NoError
44,15,1,0,15,1,1,-20,20,1,;SB;FB;NB;A125;I500;n35;P-20;B20;T1;X,NoError
45,16,1,0,16,4,1,50,19,1,;SB;FB;NB;A125;I500;n35;P50;B19;T1;X,NoError
46,17,1,0,17,3,1,20,21,1,;SB;FB;NB;A125;I500;n35;P20;B21;T1;X,NoError
47,18,1,0,18,0,1,-50,21,1,;SB;FB;NB;A125;I500;n35;P-50;B21;T1;X,NoError
48,19,1,0,19,1,1,-20,20,1,;SB;FB;NB;A125;I500;n35;P-20;B20;T1;X,NoError
49,20,1,0,3,2,1,0,21,1,;SB;FB;NB;A125;I500;n35;P0;B21;T1;X,NoError
50,21,1,0,5,2,1,0,19,1,;SB;FB;NB;A125;I500;n35;P0;B19;T1;X,NoError
51,22,1,0,7,0,1,-50,21,1,;SB;FB;NB;A125;I500;n35;P-50;B21;T1;X,NoError
52,23,1,0,8,4,1,50,19,0,;SB;FB;NB;A125;I500;n35;P50;B19;T1;X,SkipStim
53,24,1,0,11,2,1,0,21,0,;SB;FB;NB;A125;I500;n35;P0;B21;T1;X,SkipStim
54,25,1,0,13,0,1,-50,21,1,;SB;FB;NB;A125;I500;n35;P-50;B21;T1;X,NoError
55,26,1,0,8,4,1,50,19,1,;SB;FB;NB;A125;I500;n35;P50;B19;T1;X,NoError
56,27,1,0,11,2,1,0,21,0,;SB;FB;NB;A125;I500;n35;P0;B21;T1;X,NonAssignedResp
57,28,1,0,11,2,1,0,21,1,;SB;FB;NB;A125;I500;n35;P0;B21;T1;X,NoError
58,0,2,0,0,3,1,20,21,1,;SB;FB;NB;A125;I500;n35;P20;B21;T1;X,NoError
59,1,2,0,1,3,1,20,19,1,;SB;FB;NB;A125;I500;n35;P20;B19;T1;X,NoError
60,2,2,0,2,0,1,-50,21,1,;SB;FB;NB;A125;I500;n35;P-50;B21;T1;X,NoError
61,3,2,0,3,0,1,-50,17,1,;SB;FB;NB;A125;I500;n35;P-50;B17;T1;X,NoError
62,4,2,0,4,2,1,0,21,1,;SB;FB;NB;A125;I500;n35;P0;B21;T1;X,NoError
63,5,2,0,5,4,1,50,21,1,;SB;FB;NB;A125;I500;n35;P50;B21;T1;X,NoError
64,6,2,0,6,3,1,20,18,1,;SB;FB;NB;A125;I500;n35;P20;B18;T1;X,NoError
65,7,2,0,7,4,1,50,18,1,;SB;FB;NB;A125;I500;n35;P50;B18;T1;X,NoError
66,8,2,0,8,2,1,0,20,1,;SB;FB;NB;A125;I500;n35;P0;B20;T1;X,NoError
67,9,2,0,9,2,1,0,21,1,;SB;FB;NB;A125;I500;n35;P0;B21;T1;X,NoError
68,10,2,0,10,1,1,-20,18,1,;SB;FB;NB;A125;I500;n35;P-20;B18;T1;X,NoError
69,11,2,0,11,2,1,0,19,1,;SB;FB;NB;A125;I500;n35;P0;B19;T1;X,NoError
70,12,2,0,12,4,1,50,19,1,;SB;FB;NB;A125;I500;n35;P50;B19;T1;X,NoError
71,13,2,0,13,0,1,-50,21,1,;SB;FB;NB;A125;I500;n35;P-50;B21;T1;X,NoError
72,14,2,0,14,0,1,-50,20,1,;SB;FB;NB;A125;I500;n35;P-50;B20;T1;X,NoError
73,15,2,0,15,3,1,20,18,0,;SB;FB;NB;A125;I500;n35;P20;B18;T1;X,SkipStim
74,16,2,0,16,4,1,50,17,1,;SB;FB;NB;A125;I500;n35;P50;B17;T1;X,NoError
75,17,2,0,17,3,1,20,20,1,;SB;FB;NB;A125;I500;n35;P20;B20;T1;X,NoError
76,18,2,0,18,3,1,20,18,1,;SB;FB;NB;A125;I500;n35;P20;B18;T1;X,NoError
77,19,2,0,19,2,1,0,17,1,;SB;FB;NB;A125;I500;n35;P0;B17;T1;X,NoError
78,20,2,0,15,3,1,20,18,1,;SB;FB;NB;A125;I500;n35;P20;B18;T1;X,NoError
79,0,0,1,0,3,1,20,21,1,;SB;FB;NB;A125;I500;n35;P20;B21;T1;X,NoError
80,1,0,1,1,2,1,0,18,0,;SB;FB;NB;A125;I500;n35;P0;B18;T1;X,SkipStim
81,2,0,1,2,4,1,50,18,1,;SB;FB;NB;A125;I500;n35;P50;B18;T1;X,NoError
82,3,0,1,3,4,1,50,21,1,;SB;FB;NB;A125;I500;n35;P50;B21;T1;X,NoError
83,4,0,1,4,4,1,50,21,1,;SB;FB;NB;A125;I500;n35;P50;B21;T1;X,NoError
84,5,0,1,5,4,1,50,20,1,;SB;FB;NB;A125;I500;n35;P50;B20;T1;X,NoError
85,6,0,1,6,1,1,-20,18,1,;SB;FB;NB;A125;I500;n35;P-20;B18;T1;X,NoError
86,7,0,1,7,2,1,0,17,0,;SB;FB;NB;A125;I500;n35;P0;B17;T1;X,SkipStim
87,8,0,1,8,0,1,-50,19,1,;SB;FB;NB;A125;I500;n35;P-50;B19;T1;X,NoError
88,9,0,1,9,0,1,-50,17,1,;SB;FB;NB;A125;I500;n35;P-50;B17;T1;X,NoError
89,10,0,1,10,2,1,0,19,1,;SB;FB;NB;A125;I500;n35;P0;B19;T1;X,NoError
90,11,0,1,11,4,1,50,20,1,;SB;FB;NB;A125;I500;n35;P50;B20;T1;X,NoError
91,12,0,1,12,1,1,-20,17,1,;SB;FB;NB;A125;I500;n35;P-20;B17;T1;X,NoError
92,13,0,1,13,2,1,0,17,1,;SB;FB;NB;A125;I500;n35;P0;B17;T1;X,NoError
93,14,0,1,14,2,1,0,18,1,;SB;FB;NB;A125;I500;n35;P0;B18;T1;X,NoError
94,15,0,1,15,2,1,0,20,1,;SB;FB;NB;A125;I500;n35;P0;B20;T1;X,NoError
95,16,0,1,16,0,1,-50,19,1,;SB;FB;NB;A125;I500;n35;P-50;B19;T1;X,NoError
96,17,0,1,17,4,1,50,19,1,;SB;FB;NB;A125;I500;n35;P50;B19;T1;X,NoError
97,18,0,1,18,0,1,-50,20,1,;SB;FB;NB;A125;I500;n35;P-50;B20;T1;X,NoError
98,19,0,1,19,1,1,-20,17,0,;SB;FB;NB;A125;I500;n35;P-20;B17;T1;X,SkipStim
99,20,0,1,1,2,1,0,18,1,;SB;FB;NB;A125;I500;n35;P0;B18;T1;X,NoError
100,21,0,1,7,2,1,0,17,1,;SB;FB;NB;A125;I500;n35;P0;B17;T1;X,NoError
101,22,0,1,19,1,1,-20,17,1,;SB;FB;NB;A125;I500;n35;P-20;B17;T1;X,NoError
102,0,1,1,0,3,1,20,21,0,;SB;FB;NB;A125;I500;n35;P20;B21;T1;X,SkipStim
103,1,1,1,1,0,1,-50,19,1,;SB;FB;NB;A125;I500;n35;P-50;B19;T1;X,NoError
104,2,1,1,2,3,1,20,17,1,;SB;FB;NB;A125;I500;n35;P20;B17;T1;X,NoError
105,3,1,1,3,2,1,0,17,1,;SB;FB;NB;A125;I500;n35;P0;B17;T1;X,NoError
106,4,1,1,4,2,1,0,17,1,;SB;FB;NB;A125;I500;n35;P0;B17;T1;X,NoError
107,5,1,1,5,4,1,50,18,1,;SB;FB;NB;A125;I500;n35;P50;B18;T1;X,NoError
108,6,1,1,6,1,1,-20,18,1,;SB;FB;NB;A125;I500;n35;P-20;B18;T1;X,NoError
109,7,1,1,7,0,1,-50,21,1,;SB;FB;NB;A125;I500;n35;P-50;B21;T1;X,NoError
110,8,1,1,8,0,1,-50,20,1,;SB;FB;NB;A125;I500;n35;P-50;B20;T1;X,NoError
111,9,1,1,9,3,1,20,19,1,;SB;FB;NB;A125;I500;n35;P20;B19;T1;X,NoError
112,10,1,1,10,1,1,-20,20,1,;SB;FB;NB;A125;I500;n35;P-20;B20;T1;X,NoError
113,11,1,1,11,3,1,20,17,1,;SB;FB;NB;A125;I500;n35;P20;B17;T1;X,NoError
114,12,1,1,12,2,1,0,21,1,;SB;FB;NB;A125;I500;n35;P0;B21;T1;X,NoError
115,13,1,1,13,2,1,0,18,1,;SB;FB;NB;A125;I500;n35;P0;B18;T1;X,NoError
116,14,1,1,14,2,1,0,20,1,;SB;FB;NB;A125;I500;n35;P0;B20;T1;X,NoError
117,15,1,1,15,0,1,-50,19,1,;SB;FB;NB;A125;I500;n35;P-50;B19;T1;X,NoError
118,16,1,1,16,0,1,-50,20,1,;SB;FB;NB;A125;I500;n35;P-50;B20;T1;X,NoError
119,17,1,1,17,0,1,-50,20,1,;SB;FB;NB;A125;I500;n35;P-50;B20;T1;X,NoError
120,18,1,1,18,1,1,-20,20,1,;SB;FB;NB;A125;I500;n35;P-20;B20;T1;X,NoError
121,19,1,1,19,4,1,50,18,1,;SB;FB;NB;A125;I500;n35;P50;B18;T1;X,NoError
122,20,1,1,0,3,1,20,21,1,;SB;FB;NB;A125;I500;n35;P20;B21;T1;X,NoError
123,0,2,1,0,2,1,0,18,1,;SB;FB;NB;A125;I500;n35;P0;B18;T1;X,NoError
124,1,2,1,1,0,1,-50,20,1,;SB;FB;NB;A125;I500;n35;P-50;B20;T1;X,NoError
125,2,2,1,2,4,1,50,17,1,;SB;FB;NB;A125;I500;n35;P50;B17;T1;X,NoError
126,3,2,1,3,3,1,20,21,1,;SB;FB;NB;A125;I500;n35;P20;B21;T1;X,NoError
127,4,2,1,4,4,1,50,20,1,;SB;FB;NB;A125;I500;n35;P50;B20;T1;X,NoError
128,5,2,1,5,4,1,50,17,1,;SB;FB;NB;A125;I500;n35;P50;B17;T1;X,NoError
129,6,2,1,6,3,1,20,21,1,;SB;FB;NB;A125;I500;n35;P20;B21;T1;X,NoError
130,7,2,1,7,3,1,20,17,1,;SB;FB;NB;A125;I500;n35;P20;B17;T1;X,NoError
131,8,2,1,8,1,1,-20,20,1,;SB;FB;NB;A125;I500;n35;P-20;B20;T1;X,NoError
132,9,2,1,9,3,1,20,17,1,;SB;FB;NB;A125;I500;n35;P20;B17;T1;X,NoError
133,10,2,1,10,1,1,-20,18,1,;SB;FB;NB;A125;I500;n35;P-20;B18;T1;X,NoError
134,11,2,1,11,3,1,20,17,1,;SB;FB;NB;A125;I500;n35;P20;B17;T1;X,NoError
135,12,2,1,12,4,1,50,19,1,;SB;FB;NB;A125;I500;n35;P50;B19;T1;X,NoError
136,13,2,1,13,0,1,-50,21,1,;SB;FB;NB;A125;I500;n35;P-50;B21;T1;X,NoError
137,14,2,1,14,1,1,-20,19,1,;SB;FB;NB;A125;I500;n35;P-20;B19;T1;X,NoError
138,15,2,1,15,1,1,-20,20,1,;SB;FB;NB;A125;I500;n35;P-20;B20;T1;X,NoError
139,16,2,1,16,3,1,20,21,1,;SB;FB;NB;A125;I500;n35;P20;B21;T1;X,NoError
140,17,2,1,17,1,1,-20,21,1,;SB;FB;NB;A125;I500;n35;P-20;B21;T1;X,NoError
141,18,2,1,18,3,1,20,20,1,;SB;FB;NB;A125;I500;n35;P20;B20;T1;X,NoError
142,19,2,1,19,1,1,-20,21,1,;SB;FB;NB;A125;I500;n35;P-20;B21;T1;X,NoError
143,0,0,2,0,1,1,-20,17,0,;SB;FB;NB;A125;I500;n35;P-20;B17;T1;X,SkipStim
144,1,0,2,1,4,1,50,17,1,;SB;FB;NB;A125;I500;n35;P50;B17;T1;X,NoError
145,2,0,2,2,4,1,50,17,1,;SB;FB;NB;A125;I500;n35;P50;B17;T1;X,NoError
146,3,0,2,3,2,1,0,19,1,;SB;FB;NB;A125;I500;n35;P0;B19;T1;X,NoError
147,4,0,2,4,1,1,-20,19,1,;SB;FB;NB;A125;I500;n35;P-20;B19;T1;X,NoError
148,5,0,2,5,2,1,0,21,1,;SB;FB;NB;A125;I500;n35;P0;B21;T1;X,NoError
149,6,0,2,6,0,1,-50,19,1,;SB;FB;NB;A125;I500;n35;P-50;B19;T1;X,NoError
150,7,0,2,7,4,1,50,17,1,;SB;FB;NB;A125;I500;n35;P50;B17;T1;X,NoError
151,8,0,2,8,1,1,-20,19,1,;SB;FB;NB;A125;I500;n35;P-20;B19;T1;X,NoError
152,9,0,2,9,2,1,0,19,1,;SB;FB;NB;A125;I500;n35;P0;B19;T1;X,NoError
153,10,0,2,10,3,1,20,20,1,;SB;FB;NB;A125;I500;n35;P20;B20;T1;X,NoError
154,11,0,2,11,0,1,-50,18,1,;SB;FB;NB;A125;I500;n35;P-50;B18;T1;X,NoError
155,12,0,2,12,1,1,-20,20,1,;SB;FB;NB;A125;I500;n35;P-20;B20;T1;X,NoError
156,13,0,2,13,0,1,-50,21,1,;SB;FB;NB;A125;I500;n35;P-50;B21;T1;X,NoError
157,14,0,2,14,3,1,20,19,1,;SB;FB;NB;A125;I500;n35;P20;B19;T1;X,NoError
158,15,0,2,15,3,1,20,17,1,;SB;FB;NB;A125;I500;n35;P20;B17;T1;X,NoError
159,16,0,2,16,4,1,50,19,1,;SB;FB;NB;A125;I500;n35;P50;B19;T1;X,NoError
160,17,0,2,17,2,1,0,21,1,;SB;FB;NB;A125;I500;n35;P0;B21;T1;X,NoError
161,18,0,2,18,2,1,0,19,1,;SB;FB;NB;A125;I500;n35;P0;B19;T1;X,NoError
162,19,0,2,19,1,1,-20,19,1,;SB;FB;NB;A125;I500;n35;P-20;B19;T1;X,NoError
163,20,0,2,0,1,1,-20,17,1,;SB;FB;NB;A125;I500;n35;P-20;B17;T1;X,NoError
164,0,1,2,0,2,1,0,21,1,;SB;FB;NB;A125;I500;n35;P0;B21;T1;X,NoError
165,1,1,2,1,3,1,20,17,1,;SB;FB;NB;A125;I500;n35;P20;B17;T1;X,NoError
166,2,1,2,2,4,1,50,20,1,;SB;FB;NB;A125;I500;n35;P50;B20;T1;X,NoError
167,3,1,2,3,2,1,0,21,1,;SB;FB;NB;A125;I500;n35;P0;B21;T1;X,NoError
168,4,1,2,4,0,1,-50,18,1,;SB;FB;NB;A125;I500;n35;P-50;B18;T1;X,NoError
169,5,1,2,5,3,1,20,21,1,;SB;FB;NB;A125;I500;n35;P20;B21;T1;X,NoError
170,6,1,2,6,0,1,-50,19,1,;SB;FB;NB;A125;I500;n35;P-50;B19;T1;X,NoError
171,7,1,2,7,4,1,50,21,1,;SB;FB;NB;A125;I500;n35;P50;B21;T1;X,NoError
172,8,1,2,8,0,1,-50,19,1,;SB;FB;NB;A125;I500;n35;P-50;B19;T1;X,NoError
173,9,1,2,9,3,1,20,17,1,;SB;FB;NB;A125;I500;n35;P20;B17;T1;X,NoError
174,10,1,2,10,1,1,-20,21,1,;SB;FB;NB;A125;I500;n35;P-20;B21;T1;X,NoError
175,11,1,2,11,4,1,50,17,1,;SB;FB;NB;A125;I500;n35;P50;B17;T1;X,NoError
176,12,1,2,12,4,1,50,18,1,;SB;FB;NB;A125;I500;n35;P50;B18;T1;X,NoError
177,13,1,2,13,3,1,20,18,1,;SB;FB;NB;A125;I500;n35;P20;B18;T1;X,NoError
178,14,1,2,14,2,1,0,18,1,;SB;FB;NB;A125;I500;n35;P0;B18;T1;X,NoError
179,15,1,2,15,2,1,0,18,1,;SB;FB;NB;A125;I500;n35;P0;B18;T1;X,NoError
180,16,1,2,16,3,1,20,19,1,;SB;FB;NB;A125;I500;n35;P20;B19;T1;X,NoError
181,17,1,2,17,2,1,0,18,0,;SB;FB;NB;A125;I500;n35;P0;B18;T1;X,NonAssignedResp
182,18,1,2,18,0,1,-50,20,1,;SB;FB;NB;A125;I500;n35;P-50;B20;T1;X,NoError
183,19,1,2,19,0,1,-50,20,1,;SB;FB;NB;A125;I500;n35;P-50;B20;T1;X,NoError
184,20,1,2,17,2,1,0,18,1,;SB;FB;NB;A125;I500;n35;P0;B18;T1;X,NoError
185,0,2,2,0,0,1,-50,20,1,;SB;FB;NB;A125;I500;n35;P-50;B20;T1;X,NoError
186,1,2,2,1,1,1,-20,17,1,;SB;FB;NB;A125;I500;n35;P-20;B17;T1;X,NoError
187,2,2,2,2,1,1,-20,18,1,;SB;FB;NB;A125;I500;n35;P-20;B18;T1;X,NoError
188,3,2,2,3,3,1,20,19,1,;SB;FB;NB;A125;I500;n35;P20;B19;T1;X,NoError
189,4,2,2,4,3,1,20,17,1,;SB;FB;NB;A125;I500;n35;P20;B17;T1;X,NoError
190,5,2,2,5,0,1,-50,21,1,;SB;FB;NB;A125;I500;n35;P-50;B21;T1;X,NoError
191,6,2,2,6,2,1,0,20,1,;SB;FB;NB;A125;I500;n35;P0;B20;T1;X,NoError
192,7,2,2,7,2,1,0,20,1,;SB;FB;NB;A125;I500;n35;P0;B20;T1;X,NoError
193,8,2,2,8,4,1,50,17,1,;SB;FB;NB;A125;I500;n35;P50;B17;T1;X,NoError
194,9,2,2,9,3,1,20,17,1,;SB;FB;NB;A125;I500;n35;P20;B17;T1;X,NoError
195,10,2,2,10,1,1,-20,18,1,;SB;FB;NB;A125;I500;n35;P-20;B18;T1;X,NoError
196,11,2,2,11,4,1,50,20,1,;SB;FB;NB;A125;I500;n35;P50;B20;T1;X,NoError
197,12,2,2,12,0,1,-50,21,1,;SB;FB;NB;A125;I500;n35;P-50;B21;T1;X,NoError
198,13,2,2,13,1,1,-20,18,1,;SB;FB;NB;A125;I500;n35;P-20;B18;T1;X,NoError
199,14,2,2,14,1,1,-20,20,1,;SB;FB;NB;A125;I500;n35;P-20;B20;T1;X,NoError
200,15,2,2,15,0,1,-50,18,1,;SB;FB;NB;A125;I500;n35;P-50;B18;T1;X,NoError
201,16,2,2,16,1,1,-20,21,1,;SB;FB;NB;A125;I500;n35;P-20;B21;T1;X,NoError
202,17,2,2,17,3,1,20,20,1,;SB;FB;NB;A125;I500;n35;P20;B20;T1;X,NoError
203,18,2,2,18,4,1,50,18,1,;SB;FB;NB;A125;I500;n35;P50;B18;T1;X,NoError
204,19,2,2,19,4,1,50,20,1,;SB;FB;NB;A125;I500;n35;P50;B20;T1;X,NoError
205,0,0,3,0,0,1,-50,19,0,;SB;FB;NB;A125;I500;n35;P-50;B19;T1;X,NonAssignedResp
206,1,0,3,1,1,1,-20,20,0,;SB;FB;NB;A125;I500;n35;P-20;B20;T1;X,NonAssignedResp
207,2,0,3,2,0,1,-50,17,0,;SB;FB;NB;A125;I500;n35;P-50;B17;T1;X,NonAssignedResp
208,3,0,3,3,2,1,0,20,1,;SB;FB;NB;A125;I500;n35;P0;B20;T1;X,NoError
209,4,0,3,4,3,1,20,18,0,;SB;FB;NB;A125;I500;n35;P20;B18;T1;X,NonAssignedResp
210,5,0,3,5,3,1,20,18,0,;SB;FB;NB;A125;I500;n35;P20;B18;T1;X,NonAssignedResp
211,6,0,3,6,2,1,0,19,1,;SB;FB;NB;A125;I500;n35;P0;B19;T1;X,NoError
212,7,0,3,7,3,1,20,21,1,;SB;FB;NB;A125;I500;n35;P20;B21;T1;X,NoError
213,8,0,3,8,1,1,-20,17,1,;SB;FB;NB;A125;I500;n35;P-20;B17;T1;X,NoError
214,9,0,3,9,0,1,-50,18,1,;SB;FB;NB;A125;I500;n35;P-50;B18;T1;X,NoError
215,10,0,3,10,2,1,0,17,1,;SB;FB;NB;A125;I500;n35;P0;B17;T1;X,NoError
216,11,0,3,11,3,1,20,21,1,;SB;FB;NB;A125;I500;n35;P20;B21;T1;X,NoError
217,12,0,3,12,2,1,0,19,1,;SB;FB;NB;A125;I500;n35;P0;B19;T1;X,NoError
218,13,0,3,13,1,1,-20,20,1,;SB;FB;NB;A125;I500;n35;P-20;B20;T1;X,NoError
219,14,0,3,14,1,1,-20,19,1,;SB;FB;NB;A125;I500;n35;P-20;B19;T1;X,NoError
220,15,0,3,15,0,1,-50,21,1,;SB;FB;NB;A125;I500;n35;P-50;B21;T1;X,NoError
221,16,0,3,16,1,1,-20,19,1,;SB;FB;NB;A125;I500;n35;P-20;B19;T1;X,NoError
222,17,0,3,17,0,1,-50,21,1,;SB;FB;NB;A125;I500;n35;P-50;B21;T1;X,NoError
223,18,0,3,18,2,1,0,18,1,;SB;FB;NB;A125;I500;n35;P0;B18;T1;X,NoError
224,19,0,3,19,0,1,-50,17,1,;SB;FB;NB;A125;I500;n35;P-50;B17;T1;X,NoError
225,20,0,3,0,0,1,-50,19,1,;SB;FB;NB;A125;I500;n35;P-50;B19;T1;X,NoError
226,21,0,3,1,1,1,-20,20,0,;SB;FB;NB;A125;I500;n35;P-20;B20;T1;X,NonAssignedResp
227,22,0,3,2,0,1,-50,17,0,;SB;FB;NB;A125;I500;n35;P-50;B17;T1;X,NonAssignedResp
228,23,0,3,4,3,1,20,18,0,;SB;FB;NB;A125;I500;n35;P20;B18;T1;X,NonAssignedResp
229,24,0,3,5,3,1,20,18,1,;SB;FB;NB;A125;I500;n35;P20;B18;T1;X,NoError
230,25,0,3,1,1,1,-20,20,1,;SB;FB;NB;A125;I500;n35;P-20;B20;T1;X,NoError
231,26,0,3,2,0,1,-50,17,1,;SB;FB;NB;A125;I500;n35;P-50;B17;T1;X,NoError
232,27,0,3,4,3,1,20,18,1,;SB;FB;NB;A125;I500;n35;P20;B18;T1;X,NoError
233,0,1,3,0,0,1,-50,21,1,;SB;FB;NB;A125;I500;n35;P-50;B21;T1;X,NoError
234,1,1,3,1,4,1,50,18,1,;SB;FB;NB;A125;I500;n35;P50;B18;T1;X,NoError
235,2,1,3,2,2,1,0,21,1,;SB;FB;NB;A125;I500;n35;P0;B21;T1;X,NoError
236,3,1,3,3,0,1,-50,17,0,;SB;FB;NB;A125;I500;n35;P-50;B17;T1;X,SkipStim
237,4,1,3,4,2,1,0,21,0,;SB;FB;NB;A125;I500;n35;P0;B21;T1;X,SkipStim
238,5,1,3,5,1,1,-20,18,1,;SB;FB;NB;A125;I500;n35;P-20;B18;T1;X,NoError
239,6,1,3,6,4,1,50,18,1,;SB;FB;NB;A125;I500;n35;P50;B18;T1;X,NoError
240,7,1,3,7,3,1,20,20,1,;SB;FB;NB;A125;I500;n35;P20;B20;T1;X,NoError
241,8,1,3,8,1,1,-20,17,0,;SB;FB;NB;A125;I500;n35;P-20;B17;T1;X,NonAssignedResp
242,9,1,3,9,1,1,-20,18,1,;SB;FB;NB;A125;I500;n35;P-20;B18;T1;X,NoError
243,10,1,3,10,4,1,50,17,1,;SB;FB;NB;A125;I500;n35;P50;B17;T1;X,NoError
244,11,1,3,11,4,1,50,18,0,;SB;FB;NB;A125;I500;n35;P50;B18;T1;X,NonAssignedResp
245,12,1,3,12,1,1,-20,18,0,;SB;FB;NB;A125;I500;n35;P-20;B18;T1;X,NonAssignedResp
246,13,1,3,13,2,1,0,18,1,;SB;FB;NB;A125;I500;n35;P0;B18;T1;X,NoError
247,14,1,3,14,4,1,50,18,1,;SB;FB;NB;A125;I500;n35;P50;B18;T1;X,NoError
248,15,1,3,15,3,1,20,19,1,;SB;FB;NB;A125;I500;n35;P20;B19;T1;X,NoError
249,16,1,3,16,2,1,0,19,1,;SB;FB;NB;A125;I500;n35;P0;B19;T1;X,NoError
250,17,1,3,17,4,1,50,20,0,;SB;FB;NB;A125;I500;n35;P50;B20;T1;X,NonAssignedResp
251,18,1,3,18,4,1,50,18,1,;SB;FB;NB;A125;I500;n35;P50;B18;T1;X,NoError
252,19,1,3,19,0,1,-50,20,1,;SB;FB;NB;A125;I500;n35;P-50;B20;T1;X,NoError
253,20,1,3,3,0,1,-50,17,1,;SB;FB;NB;A125;I500;n35;P-50;B17;T1;X,NoError
254,21,1,3,4,2,1,0,21,1,;SB;FB;NB;A125;I500;n35;P0;B21;T1;X,NoError
255,22,1,3,8,1,1,-20,17,1,;SB;FB;NB;A125;I500;n35;P-20;B17;T1;X,NoError
256,23,1,3,11,4,1,50,18,1,;SB;FB;NB;A125;I500;n35;P50;B18;T1;X,NoError
257,24,1,3,12,1,1,-20,18,1,;SB;FB;NB;A125;I500;n35;P-20;B18;T1;X,NoError
258,25,1,3,17,4,1,50,20,1,;SB;FB;NB;A125;I500;n35;P50;B20;T1;X,NoError
259,0,2,3,0,4,1,50,17,1,;SB;FB;NB;A125;I500;n35;P50;B17;T1;X,NoError
260,1,2,3,1,1,1,-20,21,0,;SB;FB;NB;A125;I500;n35;P-20;B21;T1;X,SkipStim
261,2,2,3,2,0,1,-50,17,1,;SB;FB;NB;A125;I500;n35;P-50;B17;T1;X,NoError
262,3,2,3,3,0,1,-50,18,1,;SB;FB;NB;A125;I500;n35;P-50;B18;T1;X,NoError
263,4,2,3,4,1,1,-20,19,0,;SB;FB;NB;A125;I500;n35;P-20;B19;T1;X,NonAssignedResp
264,5,2,3,5,4,1,50,20,1,;SB;FB;NB;A125;I500;n35;P50;B20;T1;X,NoError
265,6,2,3,6,1,1,-20,20,1,;SB;FB;NB;A125;I500;n35;P-20;B20;T1;X,NoError
266,7,2,3,7,3,1,20,18,1,;SB;FB;NB;A125;I500;n35;P20;B18;T1;X,NoError
267,8,2,3,8,3,1,20,17,1,;SB;FB;NB;A125;I500;n35;P20;B17;T1;X,NoError
268,9,2,3,9,2,1,0,20,1,;SB;FB;NB;A125;I500;n35;P0;B20;T1;X,NoError
269,10,2,3,10,4,1,50,21,1,;SB;FB;NB;A125;I500;n35;P50;B21;T1;X,NoError
270,11,2,3,11,0,1,-50,18,0,;SB;FB;NB;A125;I500;n35;P-50;B18;T1;X,NonAssignedResp
271,12,2,3,12,3,1,20,19,1,;SB;FB;NB;A125;I500;n35;P20;B19;T1;X,NoError
272,13,2,3,13,2,1,0,21,0,;SB;FB;NB;A125;I500;n35;P0;B21;T1;X,NonAssignedResp
273,14,2,3,14,3,1,20,20,1,;SB;FB;NB;A125;I500;n35;P20;B20;T1;X,NoError
274,15,2,3,15,3,1,20,18,1,;SB;FB;NB;A125;I500;n35;P20;B18;T1;X,NoError
275,16,2,3,16,4,1,50,18,1,;SB;FB;NB;A125;I500;n35;P50;B18;T1;X,NoError
276,17,2,3,17,4,1,50,20,1,;SB;FB;NB;A125;I500;n35;P50;B20;T1;X,NoError
277,18,2,3,18,2,1,0,20,1,;SB;FB;NB;A125;I500;n35;P0;B20;T1;X,NoError
278,19,2,3,19,3,1,20,18,1,;SB;FB;NB;A125;I500;n35;P20;B18;T1;X,NoError
279,20,2,3,1,1,1,-20,21,1,;SB;FB;NB;A125;I500;n35;P-20;B21;T1;X,NoError
280,21,2,3,4,1,1,-20,19,1,;SB;FB;NB;A125;I500;n35;P-20;B19;T1;X,NoError
281,22,2,3,11,0,1,-50,18,1,;SB;FB;NB;A125;I500;n35;P-50;B18;T1;X,NoError
282,23,2,3,13,2,1,0,21,1,;SB;FB;NB;A125;I500;n35;P0;B21;T1;X,NoError
283,0,0,4,0,1,1,-20,20,1,;SB;FB;NB;A125;I500;n35;P-20;B20;T1;X,NoError
284,1,0,4,1,0,1,-50,21,1,;SB;FB;NB;A125;I500;n35;P-50;B21;T1;X,NoError
285,2,0,4,2,1,1,-20,17,1,;SB;FB;NB;A125;I500;n35;P-20;B17;T1;X,NoError
286,3,0,4,3,4,1,50,20,1,;SB;FB;NB;A125;I500;n35;P50;B20;T1;X,NoError
287,4,0,4,4,3,1,20,20,1,;SB;FB;NB;A125;I500;n35;P20;B20;T1;X,NoError
288,5,0,4,5,4,1,50,21,1,;SB;FB;NB;A125;I500;n35;P50;B21;T1;X,NoError
289,6,0,4,6,4,1,50,18,1,;SB;FB;NB;A125;I500;n35;P50;B18;T1;X,NoError
290,7,0,4,7,4,1,50,21,1,;SB;FB;NB;A125;I500;n35;P50;B21;T1;X,NoError
291,8,0,4,8,2,1,0,18,1,;SB;FB;NB;A125;I500;n35;P0;B18;T1;X,NoError
292,9,0,4,9,4,1,50,19,1,;SB;FB;NB;A125;I500;n35;P50;B19;T1;X,NoError
293,10,0,4,10,2,1,0,18,1,;SB;FB;NB;A125;I500;n35;P0;B18;T1;X,NoError
294,11,0,4,11,3,1,20,20,1,;SB;FB;NB;A125;I500;n35;P20;B20;T1;X,NoError
295,12,0,4,12,4,1,50,21,1,;SB;FB;NB;A125;I500;n35;P50;B21;T1;X,NoError
296,13,0,4,13,0,1,-50,19,0,;SB;FB;NB;A125;I500;n35;P-50;B19;T1;X,SkipStim
297,14,0,4,14,3,1,20,19,0,;SB;FB;NB;A125;I500;n35;P20;B19;T1;X,SkipStim
298,15,0,4,15,4,1,50,21,1,;SB;FB;NB;A125;I500;n35;P50;B21;T1;X,NoError
299,16,0,4,16,0,1,-50,21,1,;SB;FB;NB;A125;I500;n35;P-50;B21;T1;X,NoError
300,17,0,4,17,3,1,20,19,1,;SB;FB;NB;A125;I500;n35;P20;B19;T1;X,NoError
301,18,0,4,18,1,1,-20,18,1,;SB;FB;NB;A125;I500;n35;P-20;B18;T1;X,NoError
302,19,0,4,19,0,1,-50,17,0,;SB;FB;NB;A125;I500;n35;P-50;B17;T1;X,SkipStim
303,20,0,4,13,0,1,-50,19,1,;SB;FB;NB;A125;I500;n35;P-50;B19;T1;X,NoError
304,21,0,4,14,3,1,20,19,1,;SB;FB;NB;A125;I500;n35;P20;B19;T1;X,NoError
305,22,0,4,19,0,1,-50,17,1,;SB;FB;NB;A125;I500;n35;P-50;B17;T1;X,NoError
306,0,1,4,0,3,1,20,21,1,;SB;FB;NB;A125;I500;n35;P20;B21;T1;X,NoError
307,1,1,4,1,3,1,20,21,1,;SB;FB;NB;A125;I500;n35;P20;B21;T1;X,NoError
308,2,1,4,2,1,1,-20,19,0,;SB;FB;NB;A125;I500;n35;P-20;B19;T1;X,SkipStim
309,3,1,4,3,2,1,0,21,1,;SB;FB;NB;A125;I500;n35;P0;B21;T1;X,NoError
310,4,1,4,4,4,1,50,17,0,;SB;FB;NB;A125;I500;n35;P50;B17;T1;X,NonAssignedResp
311,5,1,4,5,2,1,0,17,1,;SB;FB;NB;A125;I500;n35;P0;B17;T1;X,NoError
312,6,1,4,6,4,1,50,20,1,;SB;FB;NB;A125;I500;n35;P50;B20;T1;X,NoError
313,7,1,4,7,2,1,0,20,1,;SB;FB;NB;A125;I500;n35;P0;B20;T1;X,NoError
314,8,1,4,8,4,1,50,21,1,;SB;FB;NB;A125;I500;n35;P50;B21;T1;X,NoError
315,9,1,4,9,2,1,0,17,1,;SB;FB;NB;A125;I500;n35;P0;B17;T1;X,NoError
316,10,1,4,10,1,1,-20,19,1,;SB;FB;NB;A125;I500;n35;P-20;B19;T1;X,NoError
317,11,1,4,11,3,1,20,17,0,;SB;FB;NB;A125;I500;n35;P20;B17;T1;X,NonAssignedResp
318,12,1,4,12,0,1,-50,18,0,;SB;FB;NB;A125;I500;n35;P-50;B18;T1;X,NonAssignedResp
319,13,1,4,13,1,1,-20,21,1,;SB;FB;NB;A125;I500;n35;P-20;B21;T1;X,NoError
320,14,1,4,14,3,1,20,19,1,;SB;FB;NB;A125;I500;n35;P20;B19;T1;X,NoError
321,15,1,4,15,3,1,20,19,1,;SB;FB;NB;A125;I500;n35;P20;B19;T1;X,NoError
322,16,1,4,16,2,1,0,21,0,;SB;FB;NB;A125;I500;n35;P0;B21;T1;X,NonAssignedResp
323,17,1,4,17,3,1,20,17,1,;SB;FB;NB;A125;I500;n35;P20;B17;T1;X,NoError
324,18,1,4,18,0,1,-50,20,1,;SB;FB;NB;A125;I500;n35;P-50;B20;T1;X,NoError
325,19,1,4,19,2,1,0,18,1,;SB;FB;NB;A125;I500;n35;P0;B18;T1;X,NoError
326,20,1,4,2,1,1,-20,19,1,;SB;FB;NB;A125;I500;n35;P-20;B19;T1;X,NoError
327,21,1,4,4,4,1,50,17,0,;SB;FB;NB;A125;I500;n35;P50;B17;T1;X,NonAssignedResp
328,22,1,4,11,3,1,20,17,1,;SB;FB;NB;A125;I500;n35;P20;B17;T1;X,NoError
329,23,1,4,12,0,1,-50,18,0,;SB;FB;NB;A125;I500;n35;P-50;B18;T1;X,SkipStim
330,24,1,4,16,2,1,0,21,0,;SB;FB;NB;A125;I500;n35;P0;B21;T1;X,SkipStim
331,25,1,4,4,4,1,50,17,1,;SB;FB;NB;A125;I500;n35;P50;B17;T1;X,NoError
332,26,1,4,12,0,1,-50,18,1,;SB;FB;NB;A125;I500;n35;P-50;B18;T1;X,NoError
333,27,1,4,16,2,1,0,21,1,;SB;FB;NB;A125;I500;n35;P0;B21;T1;X,NoError
334,0,2,4,0,0,1,-50,19,0,;SB;FB;NB;A125;I500;n35;P-50;B19;T1;X,SkipStim
335,1,2,4,1,4,1,50,21,1,;SB;FB;NB;A125;I500;n35;P50;B21;T1;X,NoError
336,2,2,4,2,2,1,0,21,0,;SB;FB;NB;A125;I500;n35;P0;B21;T1;X,SkipStim
337,3,2,4,3,2,1,0,17,0,;SB;FB;NB;A125;I500;n35;P0;B17;T1;X,SkipStim
338,4,2,4,4,1,1,-20,21,1,;SB;FB;NB;A125;I500;n35;P-20;B21;T1;X,NoError
339,5,2,4,5,2,1,0,19,1,;SB;FB;NB;A125;I500;n35;P0;B19;T1;X,NoError
340,6,2,4,6,1,1,-20,21,0,;SB;FB;NB;A125;I500;n35;P-20;B21;T1;X,NonAssignedResp
341,7,2,4,7,0,1,-50,17,1,;SB;FB;NB;A125;I500;n35;P-50;B17;T1;X,NoError
342,8,2,4,8,1,1,-20,19,1,;SB;FB;NB;A125;I500;n35;P-20;B19;T1;X,NoError
343,9,2,4,9,4,1,50,21,1,;SB;FB;NB;A125;I500;n35;P50;B21;T1;X,NoError
344,10,2,4,10,1,1,-20,20,1,;SB;FB;NB;A125;I500;n35;P-20;B20;T1;X,NoError
345,11,2,4,11,0,1,-50,21,1,;SB;FB;NB;A125;I500;n35;P-50;B21;T1;X,NoError
346,12,2,4,12,0,1,-50,19,1,;SB;FB;NB;A125;I500;n35;P-50;B19;T1;X,NoError
347,13,2,4,13,3,1,20,19,0,;SB;FB;NB;A125;I500;n35;P20;B19;T1;X,NonAssignedResp
348,14,2,4,14,0,1,-50,21,1,;SB;FB;NB;A125;I500;n35;P-50;B21;T1;X,NoError
349,15,2,4,15,1,1,-20,18,1,;SB;FB;NB;A125;I500;n35;P-20;B18;T1;X,NoError
350,16,2,4,16,3,1,20,21,1,;SB;FB;NB;A125;I500;n35;P20;B21;T1;X,NoError
351,17,2,4,17,2,1,0,21,1,;SB;FB;NB;A125;I500;n35;P0;B21;T1;X,NoError
352,18,2,4,18,1,1,-20,21,0,;SB;FB;NB;A125;I500;n35;P-20;B21;T1;X,SkipStim
353,19,2,4,19,0,1,-50,18,1,;SB;FB;NB;A125;I500;n35;P-50;B18;T1;X,NoError
354,20,2,4,0,0,1,-50,19,1,;SB;FB;NB;A125;I500;n35;P-50;B19;T1;X,NoError
355,21,2,4,2,2,1,0,21,0,;SB;FB;NB;A125;I500;n35;P0;B21;T1;X,SkipStim
356,22,2,4,3,2,1,0,17,1,;SB;FB;NB;A125;I500;n35;P0;B17;T1;X,NoError
357,23,2,4,6,1,1,-20,21,1,;SB;FB;NB;A125;I500;n35;P-20;B21;T1;X,NoError
358,24,2,4,13,3,1,20,19,1,;SB;FB;NB;A125;I500;n35;P20;B19;T1;X,NoError
359,25,2,4,18,1,1,-20,21,1,;SB;FB;NB;A125;I500;n35;P-20;B21;T1;X,NoError
360,26,2,4,2,2,1,0,21,1,;SB;FB;NB;A125;I500;n35;P0;B21;T1;X,NoError
361,0,0,5,0,3,1,20,17,1,;SB;FB;NB;A125;I500;n35;P20;B17;T1;X,NoError
362,1,0,5,1,4,1,50,21,1,;SB;FB;NB;A125;I500;n35;P50;B21;T1;X,NoError
363,2,0,5,2,3,1,20,17,1,;SB;FB;NB;A125;I500;n35;P20;B17;T1;X,NoError
364,3,0,5,3,3,1,20,19,1,;SB;FB;NB;A125;I500;n35;P20;B19;T1;X,NoError
365,4,0,5,4,4,1,50,20,1,;SB;FB;NB;A125;I500;n35;P50;B20;T1;X,NoError
366,5,0,5,5,2,1,0,19,1,;SB;FB;NB;A125;I500;n35;P0;B19;T1;X,NoError
367,6,0,5,6,0,1,-50,20,1,;SB;FB;NB;A125;I500;n35;P-50;B20;T1;X,NoError
368,7,0,5,7,0,1,-50,17,1,;SB;FB;NB;A125;I500;n35;P-50;B17;T1;X,NoError
369,8,0,5,8,1,1,-20,21,0,;SB;FB;NB;A125;I500;n35;P-20;B21;T1;X,NonAssignedResp
370,9,0,5,9,1,1,-20,20,1,;SB;FB;NB;A125;I500;n35;P-20;B20;T1;X,NoError
371,10,0,5,10,2,1,0,20,1,;SB;FB;NB;A125;I500;n35;P0;B20;T1;X,NoError
372,11,0,5,11,0,1,-50,21,1,;SB;FB;NB;A125;I500;n35;P-50;B21;T1;X,NoError
373,12,0,5,12,3,1,20,17,0,;SB;FB;NB;A125;I500;n35;P20;B17;T1;X,SkipStim
374,13,0,5,13,1,1,-20,21,0,;SB;FB;NB;A125;I500;n35;P-20;B21;T1;X,SkipStim
375,14,0,5,14,3,1,20,18,1,;SB;FB;NB;A125;I500;n35;P20;B18;T1;X,NoError
376,15,0,5,15,1,1,-20,20,1,;SB;FB;NB;A125;I500;n35;P-20;B20;T1;X,NoError
377,16,0,5,16,3,1,20,18,0,;SB;FB;NB;A125;I500;n35;P20;B18;T1;X,SkipStim
378,17,0,5,17,0,1,-50,18,1,;SB;FB;NB;A125;I500;n35;P-50;B18;T1;X,NoError
379,18,0,5,18,0,1,-50,20,1,;SB;FB;NB;A125;I500;n35;P-50;B20;T1;X,NoError
380,19,0,5,19,4,1,50,18,0,;SB;FB;NB;A125;I500;n35;P50;B18;T1;X,SkipStim
381,20,0,5,8,1,1,-20,21,1,;SB;FB;NB;A125;I500;n35;P-20;B21;T1;X,NoError
382,21,0,5,12,3,1,20,17,0,;SB;FB;NB;A125;I500;n35;P20;B17;T1;X,SkipStim
383,22,0,5,13,1,1,-20,21,1,;SB;FB;NB;A125;I500;n35;P-20;B21;T1;X,NoError
384,23,0,5,16,3,1,20,18,0,;SB;FB;NB;A125;I500;n35;P20;B18;T1;X,SkipStim
385,24,0,5,19,4,1,50,18,1,;SB;FB;NB;A125;I500;n35;P50;B18;T1;X,NoError
386,25,0,5,12,3,1,20,17,0,;SB;FB;NB;A125;I500;n35;P20;B17;T1;X,SkipStim
387,26,0,5,16,3,1,20,18,1,;SB;FB;NB;A125;I500;n35;P20;B18;T1;X,NoError
388,27,0,5,12,3,1,20,17,1,;SB;FB;NB;A125;I500;n35;P20;B17;T1;X,NoError
389,0,1,5,0,3,1,20,17,1,;SB;FB;NB;A125;I500;n35;P20;B17;T1;X,NoError
390,1,1,5,1,0,1,-50,19,1,;SB;FB;NB;A125;I500;n35;P-50;B19;T1;X,NoError
391,2,1,5,2,4,1,50,21,1,;SB;FB;NB;A125;I500;n35;P50;B21;T1;X,NoError
392,3,1,5,3,1,1,-20,21,0,;SB;FB;NB;A125;I500;n35;P-20;B21;T1;X,SkipStim
393,4,1,5,4,1,1,-20,17,0,;SB;FB;NB;A125;I500;n35;P-20;B17;T1;X,SkipStim
394,5,1,5,5,3,1,20,18,1,;SB;FB;NB;A125;I500;n35;P20;B18;T1;X,NoError
395,6,1,5,6,2,1,0,17,1,;SB;FB;NB;A125;I500;n35;P0;B17;T1;X,NoError
396,7,1,5,7,0,1,-50,20,1,;SB;FB;NB;A125;I500;n35;P-50;B20;T1;X,NoError
397,8,1,5,8,2,1,0,20,1,;SB;FB;NB;A125;I500;n35;P0;B20;T1;X,NoError
398,9,1,5,9,4,1,50,20,0,;SB;FB;NB;A125;I500;n35;P50;B20;T1;X,SkipStim
399,10,1,5,10,2,1,0,20,0,;SB;FB;NB;A125;I500;n35;P0;B20;T1;X,SkipStim
400,11,1,5,11,4,1,50,18,1,;SB;FB;NB;A125;I500;n35;P50;B18;T1;X,NoError
401,12,1,5,12,4,1,50,21,1,;SB;FB;NB;A125;I500;n35;P50;B21;T1;X,NoError
402,13,1,5,13,2,1,0,17,0,;SB;FB;NB;A125;I500;n35;P0;B17;T1;X,NonAssignedResp
403,14,1,5,14,3,1,20,17,1,;SB;FB;NB;A125;I500;n35;P20;B17;T1;X,NoError
404,15,1,5,15,0,1,-50,19,0,;SB;FB;NB;A125;I500;n35;P-50;B19;T1;X,SkipStim
405,16,1,5,16,4,1,50,17,1,;SB;FB;NB;A125;I500;n35;P50;B17;T1;X,NoError
406,17,1,5,17,1,1,-20,21,1,;SB;FB;NB;A125;I500;n35;P-20;B21;T1;X,NoError
407,18,1,5,18,0,1,-50,19,0,;SB;FB;NB;A125;I500;n35;P-50;B19;T1;X,NonAssignedResp
408,19,1,5,19,4,1,50,18,1,;SB;FB;NB;A125;I500;n35;P50;B18;T1;X,NoError
409,20,1,5,3,1,1,-20,21,0,;SB;FB;NB;A125;I500;n35;P-20;B21;T1;X,SkipStim
410,21,1,5,4,1,1,-20,17,1,;SB;FB;NB;A125;I500;n35;P-20;B17;T1;X,NoError
411,22,1,5,9,4,1,50,20,1,;SB;FB;NB;A125;I500;n35;P50;B20;T1;X,NoError
412,23,1,5,10,2,1,0,20,1,;SB;FB;NB;A125;I500;n35;P0;B20;T1;X,NoError
413,24,1,5,13,2,1,0,17,0,;SB;FB;NB;A125;I500;n35;P0;B17;T1;X,NonAssignedResp
414,25,1,5,15,0,1,-50,19,0,;SB;FB;NB;A125;I500;n35;P-50;B19;T1;X,NonAssignedResp
415,26,1,5,18,0,1,-50,19,1,;SB;FB;NB;A125;I500;n35;P-50;B19;T1;X,NoError
416,27,1,5,3,1,1,-20,21,1,;SB;FB;NB;A125;I500;n35;P-20;B21;T1;X,NoError
417,28,1,5,13,2,1,0,17,1,;SB;FB;NB;A125;I500;n35;P0;B17;T1;X,NoError
418,29,1,5,15,0,1,-50,19,1,;SB;FB;NB;A125;I500;n35;P-50;B19;T1;X,NoError
419,0,2,5,0,2,1,0,17,1,;SB;FB;NB;A125;I500;n35;P0;B17;T1;X,NoError
420,1,2,5,1,1,1,-20,21,1,;SB;FB;NB;A125;I500;n35;P-20;B21;T1;X,NoError
421,2,2,5,2,0,1,-50,18,0,;SB;FB;NB;A125;I500;n35;P-50;B18;T1;X,SkipStim
422,3,2,5,3,1,1,-20,18,1,;SB;FB;NB;A125;I500;n35;P-20;B18;T1;X,NoError
423,4,2,5,4,3,1,20,19,0,;SB;FB;NB;A125;I500;n35;P20;B19;T1;X,SkipStim
424,5,2,5,5,4,1,50,21,1,;SB;FB;NB;A125;I500;n35;P50;B21;T1;X,NoError
425,6,2,5,6,2,1,0,17,1,;SB;FB;NB;A125;I500;n35;P0;B17;T1;X,NoError
426,7,2,5,7,3,1,20,19,1,;SB;FB;NB;A125;I500;n35;P20;B19;T1;X,NoError
427,8,2,5,8,0,1,-50,18,1,;SB;FB;NB;A125;I500;n35;P-50;B18;T1;X,NoError
428,9,2,5,9,2,1,0,20,1,;SB;FB;NB;A125;I500;n35;P0;B20;T1;X,NoError
429,10,2,5,10,4,1,50,17,1,;SB;FB;NB;A125;I500;n35;P50;B17;T1;X,NoError
430,11,2,5,11,1,1,-20,18,1,;SB;FB;NB;A125;I500;n35;P-20;B18;T1;X,NoError
431,12,2,5,12,2,1,0,19,0,;SB;FB;NB;A125;I500;n35;P0;B19;T1;X,SkipStim
432,13,2,5,13,2,1,0,17,1,;SB;FB;NB;A125;I500;n35;P0;B17;T1;X,NoError
433,14,2,5,14,3,1,20,20,1,;SB;FB;NB;A125;I500;n35;P20;B20;T1;X,NoError
434,15,2,5,15,1,1,-20,19,0,;SB;FB;NB;A125;I500;n35;P-20;B19;T1;X,SkipStim
435,16,2,5,16,4,1,50,17,1,;SB;FB;NB;A125;I500;n35;P50;B17;T1;X,NoError
436,17,2,5,17,0,1,-50,20,0,;SB;FB;NB;A125;I500;n35;P-50;B20;T1;X,NonAssignedResp
437,18,2,5,18,2,1,0,17,1,;SB;FB;NB;A125;I500;n35;P0;B17;T1;X,NoError
438,19,2,5,19,1,1,-20,19,0,;SB;FB;NB;A125;I500;n35;P-20;B19;T1;X,SkipStim
439,20,2,5,2,0,1,-50,18,0,;SB;FB;NB;A125;I500;n35;P-50;B18;T1;X,NonAssignedResp
440,21,2,5,4,3,1,20,19,1,;SB;FB;NB;A125;I500;n35;P20;B19;T1;X,NoError
441,22,2,5,12,2,1,0,19,1,;SB;FB;NB;A125;I500;n35;P0;B19;T1;X,NoError
442,23,2,5,15,1,1,-20,19,1,;SB;FB;NB;A125;I500;n35;P-20;B19;T1;X,NoError
443,24,2,5,17,0,1,-50,20,1,;SB;FB;NB;A125;I500;n35;P-50;B20;T1;X,NoError
444,25,2,5,19,1,1,-20,19,1,;SB;FB;NB;A125;I500;n35;P-20;B19;T1;X,NoError
445,26,2,5,2,0,1,-50,18,0,;SB;FB;NB;A125;I500;n35;P-50;B18;T1;X,SkipStim
446,27,2,5,2,0,1,-50,18,1,;SB;FB;NB;A125;I500;n35;P-50;B18;T1;X,NoError
447,0,0,6,0,2,1,0,21,0,;SB;FB;NB;A125;I500;n35;P0;B21;T1;X,NonAssignedResp
448,1,0,6,1,3,1,20,18,1,;SB;FB;NB;A125;I500;n35;P20;B18;T1;X,NoError
449,2,0,6,2,1,1,-20,18,1,;SB;FB;NB;A125;I500;n35;P-20;B18;T1;X,NoError
450,3,0,6,3,3,1,20,21,0,;SB;FB;NB;A125;I500;n35;P20;B21;T1;X,SkipStim
451,4,0,6,4,4,1,50,19,0,;SB;FB;NB;A125;I500;n35;P50;B19;T1;X,SkipStim
452,5,0,6,5,0,1,-50,17,1,;SB;FB;NB;A125;I500;n35;P-50;B17;T1;X,NoError
453,6,0,6,6,4,1,50,18,1,;SB;FB;NB;A125;I500;n35;P50;B18;T1;X,NoError
454,7,0,6,7,1,1,-20,19,1,;SB;FB;NB;A125;I500;n35;P-20;B19;T1;X,NoError
455,8,0,6,8,1,1,-20,18,1,;SB;FB;NB;A125;I500;n35;P-20;B18;T1;X,NoError
456,9,0,6,9,3,1,20,17,1,;SB;FB;NB;A125;I500;n35;P20;B17;T1;X,NoError
457,10,0,6,10,4,1,50,18,1,;SB;FB;NB;A125;I500;n35;P50;B18;T1;X,NoError
458,11,0,6,11,4,1,50,17,1,;SB;FB;NB;A125;I500;n35;P50;B17;T1;X,NoError
459,12,0,6,12,1,1,-20,21,1,;SB;FB;NB;A125;I500;n35;P-20;B21;T1;X,NoError
460,13,0,6,13,3,1,20,19,1,;SB;FB;NB;A125;I500;n35;P20;B19;T1;X,NoError
461,14,0,6,14,1,1,-20,20,1,;SB;FB;NB;A125;I500;n35;P-20;B20;T1;X,NoError
462,15,0,6,15,4,1,50,21,0,;SB;FB;NB;A125;I500;n35;P50;B21;T1;X,NonAssignedResp
463,16,0,6,16,2,1,0,20,1,;SB;FB;NB;A125;I500;n35;P0;B20;T1;X,NoError
464,17,0,6,17,1,1,-20,18,1,;SB;FB;NB;A125;I500;n35;P-20;B18;T1;X,NoError
465,18,0,6,18,4,1,50,19,1,;SB;FB;NB;A125;I500;n35;P50;B19;T1;X,NoError
466,19,0,6,19,4,1,50,20,0,;SB;FB;NB;A125;I500;n35;P50;B20;T1;X,SkipStim
467,20,0,6,0,2,1,0,21,1,;SB;FB;NB;A125;I500;n35;P0;B21;T1;X,NoError
468,21,0,6,3,3,1,20,21,1,;SB;FB;NB;A125;I500;n35;P20;B21;T1;X,NoError
469,22,0,6,4,4,1,50,19,1,;SB;FB;NB;A125;I500;n35;P50;B19;T1;X,NoError
470,23,0,6,15,4,1,50,21,0,;SB;FB;NB;A125;I500;n35;P50;B21;T1;X,SkipStim
471,24,0,6,19,4,1,50,20,1,;SB;FB;NB;A125;I500;n35;P50;B20;T1;X,NoError
472,25,0,6,15,4,1,50,21,1,;SB;FB;NB;A125;I500;n35;P50;B21;T1;X,NoError
473,0,1,6,0,2,1,0,17,1,;SB;FB;NB;A125;I500;n35;P0;B17;T1;X,NoError
474,1,1,6,1,0,1,-50,21,1,;SB;FB;NB;A125;I500;n35;P-50;B21;T1;X,NoError
475,2,1,6,2,3,1,20,20,1,;SB;FB;NB;A125;I500;n35;P20;B20;T1;X,NoError
476,3,1,6,3,0,1,-50,18,1,;SB;FB;NB;A125;I500;n35;P-50;B18;T1;X,NoError
477,4,1,6,4,1,1,-20,17,1,;SB;FB;NB;A125;I500;n35;P-20;B17;T1;X,NoError
478,5,1,6,5,3,1,20,19,0,;SB;FB;NB;A125;I500;n35;P20;B19;T1;X,NonAssignedResp
479,6,1,6,6,0,1,-50,17,1,;SB;FB;NB;A125;I500;n35;P-50;B17;T1;X,NoError
480,7,1,6,7,2,1,0,21,1,;SB;FB;NB;A125;I500;n35;P0;B21;T1;X,NoError
481,8,1,6,8,2,1,0,21,1,;SB;FB;NB;A125;I500;n35;P0;B21;T1;X,NoError
482,9,1,6,9,2,1,0,21,0,;SB;FB;NB;A125;I500;n35;P0;B21;T1;X,SkipStim
483,10,1,6,10,1,1,-20,19,1,;SB;FB;NB;A125;I500;n35;P-20;B19;T1;X,NoError
484,11,1,6,11,2,1,0,19,1,;SB;FB;NB;A125;I500;n35;P0;B19;T1;X,NoError
485,12,1,6,12,3,1,20,21,0,;SB;FB;NB;A125;I500;n35;P20;B21;T1;X,SkipStim
486,13,1,6,13,0,1,-50,21,1,;SB;FB;NB;A125;I500;n35;P-50;B21;T1;X,NoError
487,14,1,6,14,4,1,50,17,1,;SB;FB;NB;A125;I500;n35;P50;B17;T1;X,NoError
488,15,1,6,15,4,1,50,21,0,;SB;FB;NB;A125;I500;n35;P50;B21;T1;X,SkipStim
489,16,1,6,16,3,1,20,21,0,;SB;FB;NB;A125;I500;n35;P20;B21;T1;X,SkipStim
490,17,1,6,17,0,1,-50,21,1,;SB;FB;NB;A125;I500;n35;P-50;B21;T1;X,NoError
491,18,1,6,18,2,1,0,17,0,;SB;FB;NB;A125;I500;n35;P0;B17;T1;X,SkipStim
492,19,1,6,19,0,1,-50,21,1,;SB;FB;NB;A125;I500;n35;P-50;B21;T1;X,NoError
493,20,1,6,5,3,1,20,19,1,;SB;FB;NB;A125;I500;n35;P20;B19;T1;X,NoError
494,21,1,6,9,2,1,0,21,1,;SB;FB;NB;A125;I500;n35;P0;B21;T1;X,NoError
495,22,1,6,12,3,1,20,21,1,;SB;FB;NB;A125;I500;n35;P20;B21;T1;X,NoError
496,23,1,6,15,4,1,50,21,1,;SB;FB;NB;A125;I500;n35;P50;B21;T1;X,NoError
497,24,1,6,16,3,1,20,21,1,;SB;FB;NB;A125;I500;n35;P20;B21;T1;X,NoError
498,25,1,6,18,2,1,0,17,1,;SB;FB;NB;A125;I500;n35;P0;B17;T1;X,NoError
499,0,2,6,0,0,1,-50,18,1,;SB;FB;NB;A125;I500;n35;P-50;B18;T1;X,NoError
500,1,2,6,1,3,1,20,20,1,;SB;FB;NB;A125;I500;n35;P20;B20;T1;X,NoError
501,2,2,6,2,0,1,-50,19,1,;SB;FB;NB;A125;I500;n35;P-50;B19;T1;X,NoError
502,3,2,6,3,0,1,-50,21,1,;SB;FB;NB;A125;I500;n35;P-50;B21;T1;X,NoError
503,4,2,6,4,2,1,0,21,1,;SB;FB;NB;A125;I500;n35;P0;B21;T1;X,NoError
504,5,2,6,5,1,1,-20,17,1,;SB;FB;NB;A125;I500;n35;P-20;B17;T1;X,NoError
505,6,2,6,6,0,1,-50,18,1,;SB;FB;NB;A125;I500;n35;P-50;B18;T1;X,NoError
506,7,2,6,7,1,1,-20,17,1,;SB;FB;NB;A125;I500;n35;P-20;B17;T1;X,NoError
507,8,2,6,8,2,1,0,20,1,;SB;FB;NB;A125;I500;n35;P0;B20;T1;X,NoError
508,9,2,6,9,0,1,-50,21,1,;SB;FB;NB;A125;I500;n35;P-50;B21;T1;X,NoError
509,10,2,6,10,3,1,20,21,1,;SB;FB;NB;A125;I500;n35;P20;B21;T1;X,NoError
510,11,2,6,11,3,1,20,21,1,;SB;FB;NB;A125;I500;n35;P20;B21;T1;X,NoError
511,12,2,6,12,3,1,20,21,1,;SB;FB;NB;A125;I500;n35;P20;B21;T1;X,NoError
512,13,2,6,13,1,1,-20,20,1,;SB;FB;NB;A125;I500;n35;P-20;B20;T1;X,NoError
513,14,2,6,14,1,1,-20,19,1,;SB;FB;NB;A125;I500;n35;P-20;B19;T1;X,NoError
514,15,2,6,15,4,1,50,20,1,;SB;FB;NB;A125;I500;n35;P50;B20;T1;X,NoError
515,16,2,6,16,4,1,50,21,1,;SB;FB;NB;A125;I500;n35;P50;B21;T1;X,NoError
516,17,2,6,17,2,1,0,19,1,;SB;FB;NB;A125;I500;n35;P0;B19;T1;X,NoError
517,18,2,6,18,2,1,0,17,1,;SB;FB;NB;A125;I500;n35;P0;B17;T1;X,NoError
518,19,2,6,19,4,1,50,17,1,;SB;FB;NB;A125;I500;n35;P50;B17;T1;X,NoError
519,0,0,7,0,2,1,0,17,0,;SB;FB;NB;A125;I500;n35;P0;B17;T1;X,NonAssignedResp
520,1,0,7,1,2,1,0,19,1,;SB;FB;NB;A125;I500;n35;P0;B19;T1;X,NoError
521,2,0,7,2,2,1,0,20,1,;SB;FB;NB;A125;I500;n35;P0;B20;T1;X,NoError
522,3,0,7,3,1,1,-20,21,1,;SB;FB;NB;A125;I500;n35;P-20;B21;T1;X,NoError
523,4,0,7,4,2,1,0,18,1,;SB;FB;NB;A125;I500;n35;P0;B18;T1;X,NoError
524,5,0,7,5,0,1,-50,18,1,;SB;FB;NB;A125;I500;n35;P-50;B18;T1;X,NoError
525,6,0,7,6,2,1,0,21,1,;SB;FB;NB;A125;I500;n35;P0;B21;T1;X,NoError
526,7,0,7,7,4,1,50,18,0,;SB;FB;NB;A125;I500;n35;P50;B18;T1;X,SkipStim
527,8,0,7,8,4,1,50,20,1,;SB;FB;NB;A125;I500;n35;P50;B20;T1;X,NoError
528,9,0,7,9,2,1,0,19,1,;SB;FB;NB;A125;I500;n35;P0;B19;T1;X,NoError
529,10,0,7,10,0,1,-50,18,0,;SB;FB;NB;A125;I500;n35;P-50;B18;T1;X,SkipStim
530,11,0,7,11,1,1,-20,18,1,;SB;FB;NB;A125;I500;n35;P-20;B18;T1;X,NoError
531,12,0,7,12,0,1,-50,19,1,;SB;FB;NB;A125;I500;n35;P-50;B19;T1;X,NoError
532,13,0,7,13,3,1,20,21,1,;SB;FB;NB;A125;I500;n35;P20;B21;T1;X,NoError
533,14,0,7,14,0,1,-50,18,1,;SB;FB;NB;A125;I500;n35;P-50;B18;T1;X,NoError
534,15,0,7,15,1,1,-20,21,1,;SB;FB;NB;A125;I500;n35;P-20;B21;T1;X,NoError
535,16,0,7,16,3,1,20,20,1,;SB;FB;NB;A125;I500;n35;P20;B20;T1;X,NoError
536,17,0,7,17,1,1,-20,20,0,;SB;FB;NB;A125;I500;n35;P-20;B20;T1;X,SkipStim
537,18,0,7,18,0,1,-50,20,1,;SB;FB;NB;A125;I500;n35;P-50;B20;T1;X,NoError
538,19,0,7,19,3,1,20,19,0,;SB;FB;NB;A125;I500;n35;P20;B19;T1;X,SkipStim
539,20,0,7,0,2,1,0,17,1,;SB;FB;NB;A125;I500;n35;P0;B17;T1;X,NoError
540,21,0,7,7,4,1,50,18,1,;SB;FB;NB;A125;I500;n35;P50;B18;T1;X,NoError
541,22,0,7,10,0,1,-50,18,0,;SB;FB;NB;A125;I500;n35;P-50;B18;T1;X,SkipStim
542,23,0,7,17,1,1,-20,20,1,;SB;FB;NB;A125;I500;n35;P-20;B20;T1;X,NoError
543,24,0,7,19,3,1,20,19,1,;SB;FB;NB;A125;I500;n35;P20;B19;T1;X,NoError
544,25,0,7,10,0,1,-50,18,1,;SB;FB;NB;A125;I500;n35;P-50;B18;T1;X,NoError
545,0,1,7,0,0,1,-50,18,1,;SB;FB;NB;A125;I500;n35;P-50;B18;T1;X,NoError
546,1,1,7,1,1,1,-20,17,1,;SB;FB;NB;A125;I500;n35;P-20;B17;T1;X,NoError
547,2,1,7,2,4,1,50,21,1,;SB;FB;NB;A125;I500;n35;P50;B21;T1;X,NoError
548,3,1,7,3,1,1,-20,20,1,;SB;FB;NB;A125;I500;n35;P-20;B20;T1;X,NoError
549,4,1,7,4,3,1,20,17,1,;SB;FB;NB;A125;I500;n35;P20;B17;T1;X,NoError
550,5,1,7,5,0,1,-50,19,1,;SB;FB;NB;A125;I500;n35;P-50;B19;T1;X,NoError
551,6,1,7,6,0,1,-50,21,1,;SB;FB;NB;A125;I500;n35;P-50;B21;T1;X,NoError
552,7,1,7,7,2,1,0,17,1,;SB;FB;NB;A125;I500;n35;P0;B17;T1;X,NoError
553,8,1,7,8,2,1,0,19,1,;SB;FB;NB;A125;I500;n35;P0;B19;T1;X,NoError
554,9,1,7,9,3,1,20,18,1,;SB;FB;NB;A125;I500;n35;P20;B18;T1;X,NoError
555,10,1,7,10,4,1,50,20,1,;SB;FB;NB;A125;I500;n35;P50;B20;T1;X,NoError
556,11,1,7,11,4,1,50,19,1,;SB;FB;NB;A125;I500;n35;P50;B19;T1;X,NoError
557,12,1,7,12,1,1,-20,18,1,;SB;FB;NB;A125;I500;n35;P-20;B18;T1;X,NoError
558,13,1,7,13,3,1,20,18,1,;SB;FB;NB;A125;I500;n35;P20;B18;T1;X,NoError
559,14,1,7,14,1,1,-20,20,1,;SB;FB;NB;A125;I500;n35;P-20;B20;T1;X,NoError
560,15,1,7,15,4,1,50,17,0,;SB;FB;NB;A125;I500;n35;P50;B17;T1;X,SkipStim
561,16,1,7,16,3,1,20,19,1,;SB;FB;NB;A125;I500;n35;P20;B19;T1;X,NoError
562,17,1,7,17,2,1,0,17,1,;SB;FB;NB;A125;I500;n35;P0;B17;T1;X,NoError
563,18,1,7,18,4,1,50,19,1,;SB;FB;NB;A125;I500;n35;P50;B19;T1;X,NoError
564,19,1,7,19,1,1,-20,17,1,;SB;FB;NB;A125;I500;n35;P-20;B17;T1;X,NoError
565,20,1,7,15,4,1,50,17,1,;SB;FB;NB;A125;I500;n35;P50;B17;T1;X,NoError
566,0,2,7,0,1,1,-20,17,1,;SB;FB;NB;A125;I500;n35;P-20;B17;T1;X,NoError
567,1,2,7,1,3,1,20,20,1,;SB;FB;NB;A125;I500;n35;P20;B20;T1;X,NoError
568,2,2,7,2,1,1,-20,19,1,;SB;FB;NB;A125;I500;n35;P-20;B19;T1;X,NoError
569,3,2,7,3,4,1,50,18,1,;SB;FB;NB;A125;I500;n35;P50;B18;T1;X,NoError
570,4,2,7,4,3,1,20,20,1,;SB;FB;NB;A125;I500;n35;P20;B20;T1;X,NoError
571,5,2,7,5,0,1,-50,18,1,;SB;FB;NB;A125;I500;n35;P-50;B18;T1;X,NoError
572,6,2,7,6,0,1,-50,20,1,;SB;FB;NB;A125;I500;n35;P-50;B20;T1;X,NoError
573,7,2,7,7,3,1,20,17,1,;SB;FB;NB;A125;I500;n35;P20;B17;T1;X,NoError
574,8,2,7,8,3,1,20,20,1,;SB;FB;NB;A125;I500;n35;P20;B20;T1;X,NoError
575,9,2,7,9,4,1,50,17,1,;SB;FB;NB;A125;I500;n35;P50;B17;T1;X,NoError
576,10,2,7,10,4,1,50,19,1,;SB;FB;NB;A125;I500;n35;P50;B19;T1;X,NoError
577,11,2,7,11,2,1,0,20,1,;SB;FB;NB;A125;I500;n35;P0;B20;T1;X,NoError
578,12,2,7,12,2,1,0,20,1,;SB;FB;NB;A125;I500;n35;P0;B20;T1;X,NoError
579,13,2,7,13,4,1,50,17,0,;SB;FB;NB;A125;I500;n35;P50;B17;T1;X,SkipStim
580,14,2,7,14,0,1,-50,19,1,;SB;FB;NB;A125;I500;n35;P-50;B19;T1;X,NoError
581,15,2,7,15,4,1,50,19,1,;SB;FB;NB;A125;I500;n35;P50;B19;T1;X,NoError
582,16,2,7,16,0,1,-50,20,0,;SB;FB;NB;A125;I500;n35;P-50;B20;T1;X,SkipStim
583,17,2,7,17,1,1,-20,17,1,;SB;FB;NB;A125;I500;n35;P-20;B17;T1;X,NoError
584,18,2,7,18,3,1,20,20,0,;SB;FB;NB;A125;I500;n35;P20;B20;T1;X,SkipStim
585,19,2,7,19,2,1,0,20,0,;SB;FB;NB;A125;I500;n35;P0;B20;T1;X,SkipStim
586,20,2,7,13,4,1,50,17,1,;SB;FB;NB;A125;I500;n35;P50;B17;T1;X,NoError
587,21,2,7,16,0,1,-50,20,1,;SB;FB;NB;A125;I500;n35;P-50;B20;T1;X,NoError
588,22,2,7,18,3,1,20,20,1,;SB;FB;NB;A125;I500;n35;P20;B20;T1;X,NoError
589,23,2,7,19,2,1,0,20,1,;SB;FB;NB;A125;I500;n35;P0;B20;T1;X,NoError
590,0,0,8,0,4,1,50,19,1,;SB;FB;NB;A125;I500;n35;P50;B19;T1;X,NoError
591,1,0,8,1,1,1,-20,21,1,;SB;FB;NB;A125;I500;n35;P-20;B21;T1;X,NoError
592,2,0,8,2,4,1,50,20,1,;SB;FB;NB;A125;I500;n35;P50;B20;T1;X,NoError
593,3,0,8,3,2,1,0,20,1,;SB;FB;NB;A125;I500;n35;P0;B20;T1;X,NoError
594,4,0,8,4,0,1,-50,20,1,;SB;FB;NB;A125;I500;n35;P-50;B20;T1;X,NoError
595,5,0,8,5,2,1,0,20,1,;SB;FB;NB;A125;I500;n35;P0;B20;T1;X,NoError
596,6,0,8,6,2,1,0,20,1,;SB;FB;NB;A125;I500;n35;P0;B20;T1;X,NoError
597,7,0,8,7,3,1,20,18,1,;SB;FB;NB;A125;I500;n35;P20;B18;T1;X,NoError
598,8,0,8,8,2,1,0,20,1,;SB;FB;NB;A125;I500;n35;P0;B20;T1;X,NoError
599,9,0,8,9,2,1,0,20,1,;SB;FB;NB;A125;I500;n35;P0;B20;T1;X,NoError
600,10,0,8,10,3,1,20,17,1,;SB;FB;NB;A125;I500;n35;P20;B17;T1;X,NoError
601,11,0,8,11,2,1,0,20,1,;SB;FB;NB;A125;I500;n35;P0;B20;T1;X,NoError
602,12,0,8,12,1,1,-20,19,1,;SB;FB;NB;A125;I500;n35;P-20;B19;T1;X,NoError
603,13,0,8,13,2,1,0,20,1,;SB;FB;NB;A125;I500;n35;P0;B20;T1;X,NoError
604,14,0,8,14,2,1,0,20,1,;SB;FB;NB;A125;I500;n35;P0;B20;T1;X,NoError
605,15,0,8,15,1,1,-20,19,1,;SB;FB;NB;A125;I500;n35;P-20;B19;T1;X,NoError
606,16,0,8,16,3,1,20,21,1,;SB;FB;NB;A125;I500;n35;P20;B21;T1;X,NoError
607,17,0,8,17,0,1,-50,19,1,;SB;FB;NB;A125;I500;n35;P-50;B19;T1;X,NoError
608,18,0,8,18,4,1,50,19,1,;SB;FB;NB;A125;I500;n35;P50;B19;T1;X,NoError
609,0,1,8,0,4,1,50,21,1,;SB;FB;NB;A125;I500;n35;P50;B21;T1;X,NoError
610,1,1,8,1,4,1,50,19,1,;SB;FB;NB;A125;I500;n35;P50;B19;T1;X,NoError
611,2,1,8,2,4,1,50,17,1,;SB;FB;NB;A125;I500;n35;P50;B17;T1;X,NoError
612,3,1,8,3,4,1,50,20,1,;SB;FB;NB;A125;I500;n35;P50;B20;T1;X,NoError
613,4,1,8,4,1,1,-20,19,1,;SB;FB;NB;A125;I500;n35;P-20;B19;T1;X,NoError
614,5,1,8,5,3,1,20,21,1,;SB;FB;NB;A125;I500;n35;P20;B21;T1;X,NoError
615,6,1,8,6,3,1,20,17,1,;SB;FB;NB;A125;I500;n35;P20;B17;T1;X,NoError
616,7,1,8,7,1,1,-20,19,1,;SB;FB;NB;A125;I500;n35;P-20;B19;T1;X,NoError
617,8,1,8,8,1,1,-20,17,1,;SB;FB;NB;A125;I500;n35;P-20;B17;T1;X,NoError
618,9,1,8,9,0,1,-50,18,1,;SB;FB;NB;A125;I500;n35;P-50;B18;T1;X,NoError
619,10,1,8,10,0,1,-50,20,1,;SB;FB;NB;A125;I500;n35;P-50;B20;T1;X,NoError
620,11,1,8,11,0,1,-50,17,1,;SB;FB;NB;A125;I500;n35;P-50;B17;T1;X,NoError
621,12,1,8,12,4,1,50,19,1,;SB;FB;NB;A125;I500;n35;P50;B19;T1;X,NoError
622,13,1,8,13,0,1,-50,18,1,;SB;FB;NB;A125;I500;n35;P-50;B18;T1;X,NoError
623,14,1,8,14,3,1,20,19,1,;SB;FB;NB;A125;I500;n35;P20;B19;T1;X,NoError
624,15,1,8,15,2,1,0,17,1,;SB;FB;NB;A125;I500;n35;P0;B17;T1;X,NoError
625,16,1,8,16,1,1,-20,21,1,;SB;FB;NB;A125;I500;n35;P-20;B21;T1;X,NoError
626,17,1,8,17,2,1,0,20,1,;SB;FB;NB;A125;I500;n35;P0;B20;T1;X,NoError
627,18,1,8,18,0,1,-50,21,1,;SB;FB;NB;A125;I500;n35;P-50;B21;T1;X,NoError
628,19,1,8,19,0,1,-50,18,1,;SB;FB;NB;A125;I500;n35;P-50;B18;T1;X,NoError
629,0,2,8,0,4,1,50,19,1,;SB;FB;NB;A125;I500;n35;P50;B19;T1;X,NoError
630,1,2,8,1,3,1,20,17,1,;SB;FB;NB;A125;I500;n35;P20;B17;T1;X,NoError
631,2,2,8,2,1,1,-20,17,1,;SB;FB;NB;A125;I500;n35;P-20;B17;T1;X,NoError
632,3,2,8,3,4,1,50,20,1,;SB;FB;NB;A125;I500;n35;P50;B20;T1;X,NoError
633,4,2,8,4,3,1,20,21,1,;SB;FB;NB;A125;I500;n35;P20;B21;T1;X,NoError
634,5,2,8,5,3,1,20,21,1,;SB;FB;NB;A125;I500;n35;P20;B21;T1;X,NoError
635,6,2,8,6,3,1,20,19,1,;SB;FB;NB;A125;I500;n35;P20;B19;T1;X,NoError
636,7,2,8,7,1,1,-20,19,1,;SB;FB;NB;A125;I500;n35;P-20;B19;T1;X,NoError
637,8,2,8,8,1,1,-20,17,1,;SB;FB;NB;A125;I500;n35;P-20;B17;T1;X,NoError
638,9,2,8,9,4,1,50,18,1,;SB;FB;NB;A125;I500;n35;P50;B18;T1;X,NoError
639,10,2,8,10,0,1,-50,19,1,;SB;FB;NB;A125;I500;n35;P-50;B19;T1;X,NoError
640,11,2,8,11,2,1,0,17,1,;SB;FB;NB;A125;I500;n35;P0;B17;T1;X,NoError
641,12,2,8,12,0,1,-50,18,1,;SB;FB;NB;A125;I500;n35;P-50;B18;T1;X,NoError
642,13,2,8,13,3,1,20,20,1,;SB;FB;NB;A125;I500;n35;P20;B20;T1;X,NoError
643,14,2,8,14,0,1,-50,21,1,;SB;FB;NB;A125;I500;n35;P-50;B21;T1;X,NoError
644,15,2,8,15,1,1,-20,20,1,;SB;FB;NB;A125;I500;n35;P-20;B20;T1;X,NoError
645,16,2,8,16,3,1,20,17,1,;SB;FB;NB;A125;I500;n35;P20;B17;T1;X,NoError
646,17,2,8,17,1,1,-20,18,1,;SB;FB;NB;A125;I500;n35;P-20;B18;T1;X,NoError
647,18,2,8,18,4,1,50,19,1,;SB;FB;NB;A125;I500;n35;P50;B19;T1;X,NoError
648,19,2,8,19,2,1,0,17,1,;SB;FB;NB;A125;I500;n35;P0;B17;T1;X,NoError
649,0,0,9,0,4,1,50,17,1,;SB;FB;NB;A125;I500;n35;P50;B17;T1;X,NoError
650,1,0,9,1,3,1,20,18,1,;SB;FB;NB;A125;I500;n35;P20;B18;T1;X,NoError
651,2,0,9,2,3,1,20,17,1,;SB;FB;NB;A125;I500;n35;P20;B17;T1;X,NoError
652,3,0,9,3,1,1,-20,17,1,;SB;FB;NB;A125;I500;n35;P-20;B17;T1;X,NoError
653,4,0,9,4,3,1,20,20,1,;SB;FB;NB;A125;I500;n35;P20;B20;T1;X,NoError
654,5,0,9,5,4,1,50,19,1,;SB;FB;NB;A125;I500;n35;P50;B19;T1;X,NoError
655,6,0,9,6,3,1,20,20,1,;SB;FB;NB;A125;I500;n35;P20;B20;T1;X,NoError
656,7,0,9,7,1,1,-20,18,1,;SB;FB;NB;A125;I500;n35;P-20;B18;T1;X,NoError
657,8,0,9,8,3,1,20,20,1,;SB;FB;NB;A125;I500;n35;P20;B20;T1;X,NoError
658,9,0,9,9,2,1,0,19,1,;SB;FB;NB;A125;I500;n35;P0;B19;T1;X,NoError
659,10,0,9,10,2,1,0,17,1,;SB;FB;NB;A125;I500;n35;P0;B17;T1;X,NoError
660,11,0,9,11,2,1,0,17,0,;SB;FB;NB;A125;I500;n35;P0;B17;T1;X,SkipStim
661,12,0,9,12,2,1,0,21,1,;SB;FB;NB;A125;I500;n35;P0;B21;T1;X,NoError
662,13,0,9,13,0,1,-50,21,1,;SB;FB;NB;A125;I500;n35;P-50;B21;T1;X,NoError
663,14,0,9,14,1,1,-20,21,1,;SB;FB;NB;A125;I500;n35;P-20;B21;T1;X,NoError
664,15,0,9,15,2,1,0,20,1,;SB;FB;NB;A125;I500;n35;P0;B20;T1;X,NoError
665,16,0,9,16,2,1,0,17,1,;SB;FB;NB;A125;I500;n35;P0;B17;T1;X,NoError
666,17,0,9,17,4,1,50,17,1,;SB;FB;NB;A125;I500;n35;P50;B17;T1;X,NoError
667,18,0,9,18,3,1,20,18,1,;SB;FB;NB;A125;I500;n35;P20;B18;T1;X,NoError
668,19,0,9,19,3,1,20,19,1,;SB;FB;NB;A125;I500;n35;P20;B19;T1;X,NoError
669,20,0,9,11,2,1,0,17,1,;SB;FB;NB;A125;I500;n35;P0;B17;T1;X,NoError
670,0,1,9,0,1,1,-20,18,1,;SB;FB;NB;A125;I500;n35;P-20;B18;T1;X,NoError
671,1,1,9,1,0,1,-50,21,1,;SB;FB;NB;A125;I500;n35;P-50;B21;T1;X,NoError
672,2,1,9,2,2,1,0,20,1,;SB;FB;NB;A125;I500;n35;P0;B20;T1;X,NoError
673,3,1,9,3,0,1,-50,20,1,;SB;FB;NB;A125;I500;n35;P-50;B20;T1;X,NoError
674,4,1,9,4,3,1,20,17,1,;SB;FB;NB;A125;I500;n35;P20;B17;T1;X,NoError
675,5,1,9,5,0,1,-50,21,1,;SB;FB;NB;A125;I500;n35;P-50;B21;T1;X,NoError
676,6,1,9,6,1,1,-20,20,1,;SB;FB;NB;A125;I500;n35;P-20;B20;T1;X,NoError
677,7,1,9,7,4,1,50,20,1,;SB;FB;NB;A125;I500;n35;P50;B20;T1;X,NoError
678,8,1,9,8,0,1,-50,21,1,;SB;FB;NB;A125;I500;n35;P-50;B21;T1;X,NoError
679,9,1,9,9,4,1,50,19,1,;SB;FB;NB;A125;I500;n35;P50;B19;T1;X,NoError
680,10,1,9,10,1,1,-20,19,1,;SB;FB;NB;A125;I500;n35;P-20;B19;T1;X,NoError
681,11,1,9,11,4,1,50,19,1,;SB;FB;NB;A125;I500;n35;P50;B19;T1;X,NoError
682,12,1,9,12,0,1,-50,17,1,;SB;FB;NB;A125;I500;n35;P-50;B17;T1;X,NoError
683,13,1,9,13,0,1,-50,19,1,;SB;FB;NB;A125;I500;n35;P-50;B19;T1;X,NoError
684,14,1,9,14,1,1,-20,21,1,;SB;FB;NB;A125;I500;n35;P-20;B21;T1;X,NoError
685,15,1,9,15,2,1,0,18,1,;SB;FB;NB;A125;I500;n35;P0;B18;T1;X,NoError
686,16,1,9,16,2,1,0,18,1,;SB;FB;NB;A125;I500;n35;P0;B18;T1;X,NoError
687,17,1,9,17,3,1,20,21,0,;SB;FB;NB;A125;I500;n35;P20;B21;T1;X,SkipStim
688,18,1,9,18,0,1,-50,21,1,;SB;FB;NB;A125;I500;n35;P-50;B21;T1;X,NoError
689,19,1,9,19,1,1,-20,19,0,;SB;FB;NB;A125;I500;n35;P-20;B19;T1;X,SkipStim
690,20,1,9,17,3,1,20,21,1,;SB;FB;NB;A125;I500;n35;P20;B21;T1;X,NoError
691,21,1,9,19,1,1,-20,19,1,;SB;FB;NB;A125;I500;n35;P-20;B19;T1;X,NoError
692,0,2,9,0,0,1,-50,19,1,;SB;FB;NB;A125;I500;n35;P-50;B19;T1;X,NoError
693,1,2,9,1,3,1,20,20,1,;SB;FB;NB;A125;I500;n35;P20;B20;T1;X,NoError
694,2,2,9,2,4,1,50,20,1,;SB;FB;NB;A125;I500;n35;P50;B20;T1;X,NoError
695,3,2,9,3,4,1,50,19,0,;SB;FB;NB;A125;I500;n35;P50;B19;T1;X,SkipStim
696,4,2,9,4,0,1,-50,20,0,;SB;FB;NB;A125;I500;n35;P-50;B20;T1;X,SkipStim
697,5,2,9,5,2,1,0,18,1,;SB;FB;NB;A125;I500;n35;P0;B18;T1;X,NoError
698,6,2,9,6,1,1,-20,20,1,;SB;FB;NB;A125;I500;n35;P-20;B20;T1;X,NoError
699,7,2,9,7,0,1,-50,20,1,;SB;FB;NB;A125;I500;n35;P-50;B20;T1;X,NoError
700,8,2,9,8,1,1,-20,18,1,;SB;FB;NB;A125;I500;n35;P-20;B18;T1;X,NoError
701,9,2,9,9,3,1,20,18,1,;SB;FB;NB;A125;I500;n35;P20;B18;T1;X,NoError
702,10,2,9,10,1,1,-20,17,1,;SB;FB;NB;A125;I500;n35;P-20;B17;T1;X,NoError
703,11,2,9,11,4,1,50,17,1,;SB;FB;NB;A125;I500;n35;P50;B17;T1;X,NoError
704,12,2,9,12,4,1,50,19,1,;SB;FB;NB;A125;I500;n35;P50;B19;T1;X,NoError
705,13,2,9,13,2,1,0,18,1,;SB;FB;NB;A125;I500;n35;P0;B18;T1;X,NoError
706,14,2,9,14,0,1,-50,21,0,;SB;FB;NB;A125;I500;n35;P-50;B21;T1;X,NonAssignedResp
707,15,2,9,15,2,1,0,21,1,;SB;FB;NB;A125;I500;n35;P0;B21;T1;X,NoError
708,16,2,9,16,3,1,20,21,1,;SB;FB;NB;A125;I500;n35;P20;B21;T1;X,NoError
709,17,2,9,17,1,1,-20,19,1,;SB;FB;NB;A125;I500;n35;P-20;B19;T1;X,NoError
710,18,2,9,18,4,1,50,17,1,;SB;FB;NB;A125;I500;n35;P50;B17;T1;X,NoError
711,19,2,9,19,4,1,50,17,1,;SB;FB;NB;A125;I500;n35;P50;B17;T1;X,NoError
712,20,2,9,3,4,1,50,19,1,;SB;FB;NB;A125;I500;n35;P50;B19;T1;X,NoError
713,21,2,9,4,0,1,-50,20,1,;SB;FB;NB;A125;I500;n35;P-50;B20;T1;X,NoError
714,22,2,9,14,0,1,-50,21,1,;SB;FB;NB;A125;I500;n35;P-50;B21;T1;X,NoError
715,0,0,10,0,0,1,-50,21,0,;SB;FB;NB;A125;I500;n35;P-50;B21;T1;X,SkipStim
716,1,0,10,1,0,1,-50,21,1,;SB;FB;NB;A125;I500;n35;P-50;B21;T1;X,NoError
717,2,0,10,2,1,1,-20,18,1,;SB;FB;NB;A125;I500;n35;P-20;B18;T1;X,NoError
718,3,0,10,3,0,1,-50,18,1,;SB;FB;NB;A125;I500;n35;P-50;B18;T1;X,NoError
719,4,0,10,4,2,1,0,18,1,;SB;FB;NB;A125;I500;n35;P0;B18;T1;X,NoError
720,5,0,10,5,3,1,20,19,1,;SB;FB;NB;A125;I500;n35;P20;B19;T1;X,NoError
721,6,0,10,6,3,1,20,21,1,;SB;FB;NB;A125;I500;n35;P20;B21;T1;X,NoError
722,7,0,10,7,1,1,-20,19,1,;SB;FB;NB;A125;I500;n35;P-20;B19;T1;X,NoError
723,8,0,10,8,3,1,20,20,0,;SB;FB;NB;A125;I500;n35;P20;B20;T1;X,NonAssignedResp
724,9,0,10,9,3,1,20,19,1,;SB;FB;NB;A125;I500;n35;P20;B19;T1;X,NoError
725,10,0,10,10,2,1,0,19,1,;SB;FB;NB;A125;I500;n35;P0;B19;T1;X,NoError
726,11,0,10,11,1,1,-20,17,1,;SB;FB;NB;A125;I500;n35;P-20;B17;T1;X,NoError
727,12,0,10,12,4,1,50,18,1,;SB;FB;NB;A125;I500;n35;P50;B18;T1;X,NoError
728,13,0,10,13,1,1,-20,20,1,;SB;FB;NB;A125;I500;n35;P-20;B20;T1;X,NoError
729,14,0,10,14,3,1,20,18,1,;SB;FB;NB;A125;I500;n35;P20;B18;T1;X,NoError
730,15,0,10,15,4,1,50,21,0,;SB;FB;NB;A125;I500;n35;P50;B21;T1;X,NonAssignedResp
731,16,0,10,16,1,1,-20,20,0,;SB;FB;NB;A125;I500;n35;P-20;B20;T1;X,NonAssignedResp
732,17,0,10,17,0,1,-50,19,1,;SB;FB;NB;A125;I500;n35;P-50;B19;T1;X,NoError
733,18,0,10,18,3,1,20,17,1,;SB;FB;NB;A125;I500;n35;P20;B17;T1;X,NoError
734,19,0,10,19,0,1,-50,20,1,;SB;FB;NB;A125;I500;n35;P-50;B20;T1;X,NoError
735,20,0,10,0,0,1,-50,21,0,;SB;FB;NB;A125;I500;n35;P-50;B21;T1;X,NonAssignedResp
736,21,0,10,8,3,1,20,20,0,;SB;FB;NB;A125;I500;n35;P20;B20;T1;X,NonAssignedResp
737,22,0,10,15,4,1,50,21,0,;SB;FB;NB;A125;I500;n35;P50;B21;T1;X,NonAssignedResp
738,23,0,10,16,1,1,-20,20,1,;SB;FB;NB;A125;I500;n35;P-20;B20;T1;X,NoError
739,24,0,10,0,0,1,-50,21,1,;SB;FB;NB;A125;I500;n35;P-50;B21;T1;X,NoError
740,25,0,10,8,3,1,20,20,1,;SB;FB;NB;A125;I500;n35;P20;B20;T1;X,NoError
741,26,0,10,15,4,1,50,21,1,;SB;FB;NB;A125;I500;n35;P50;B21;T1;X,NoError
742,0,1,10,0,3,1,20,18,1,;SB;FB;NB;A125;I500;n35;P20;B18;T1;X,NoError
743,1,1,10,1,0,1,-50,20,1,;SB;FB;NB;A125;I500;n35;P-50;B20;T1;X,NoError
744,2,1,10,2,0,1,-50,19,1,;SB;FB;NB;A125;I500;n35;P-50;B19;T1;X,NoError
745,3,1,10,3,4,1,50,17,1,;SB;FB;NB;A125;I500;n35;P50;B17;T1;X,NoError
746,4,1,10,4,1,1,-20,19,1,;SB;FB;NB;A125;I500;n35;P-20;B19;T1;X,NoError
747,5,1,10,5,0,1,-50,17,1,;SB;FB;NB;A125;I500;n35;P-50;B17;T1;X,NoError
748,6,1,10,6,3,1,20,17,1,;SB;FB;NB;A125;I500;n35;P20;B17;T1;X,NoError
749,7,1,10,7,3,1,20,17,1,;SB;FB;NB;A125;I500;n35;P20;B17;T1;X,NoError
750,8,1,10,8,2,1,0,21,1,;SB;FB;NB;A125;I500;n35;P0;B21;T1;X,NoError
751,9,1,10,9,0,1,-50,19,1,;SB;FB;NB;A125;I500;n35;P-50;B19;T1;X,NoError
752,10,1,10,10,3,1,20,18,1,;SB;FB;NB;A125;I500;n35;P20;B18;T1;X,NoError
753,11,1,10,11,4,1,50,19,1,;SB;FB;NB;A125;I500;n35;P50;B19;T1;X,NoError
754,12,1,10,12,4,1,50,18,1,;SB;FB;NB;A125;I500;n35;P50;B18;T1;X,NoError
755,13,1,10,13,0,1,-50,19,1,;SB;FB;NB;A125;I500;n35;P-50;B19;T1;X,NoError
756,14,1,10,14,0,1,-50,20,1,;SB;FB;NB;A125;I500;n35;P-50;B20;T1;X,NoError
757,15,1,10,15,1,1,-20,21,1,;SB;FB;NB;A125;I500;n35;P-20;B21;T1;X,NoError
758,16,1,10,16,4,1,50,18,1,;SB;FB;NB;A125;I500;n35;P50;B18;T1;X,NoError
759,17,1,10,17,2,1,0,18,1,;SB;FB;NB;A125;I500;n35;P0;B18;T1;X,NoError
760,18,1,10,18,4,1,50,21,1,;SB;FB;NB;A125;I500;n35;P50;B21;T1;X,NoError
761,19,1,10,19,2,1,0,17,1,;SB;FB;NB;A125;I500;n35;P0;B17;T1;X,NoError
762,0,2,10,0,3,1,20,19,1,;SB;FB;NB;A125;I500;n35;P20;B19;T1;X,NoError
763,1,2,10,1,2,1,0,17,1,;SB;FB;NB;A125;I500;n35;P0;B17;T1;X,NoError
764,2,2,10,2,4,1,50,20,1,;SB;FB;NB;A125;I500;n35;P50;B20;T1;X,NoError
765,3,2,10,3,1,1,-20,21,1,;SB;FB;NB;A125;I500;n35;P-20;B21;T1;X,NoError
766,4,2,10,4,3,1,20,18,1,;SB;FB;NB;A125;I500;n35;P20;B18;T1;X,NoError
767,5,2,10,5,2,1,0,21,1,;SB;FB;NB;A125;I500;n35;P0;B21;T1;X,NoError
768,6,2,10,6,1,1,-20,20,1,;SB;FB;NB;A125;I500;n35;P-20;B20;T1;X,NoError
769,7,2,10,7,4,1,50,19,1,;SB;FB;NB;A125;I500;n35;P50;B19;T1;X,NoError
770,8,2,10,8,4,1,50,20,1,;SB;FB;NB;A125;I500;n35;P50;B20;T1;X,NoError
771,9,2,10,9,4,1,50,18,1,;SB;FB;NB;A125;I500;n35;P50;B18;T1;X,NoError
772,10,2,10,10,1,1,-20,17,1,;SB;FB;NB;A125;I500;n35;P-20;B17;T1;X,NoError
773,11,2,10,11,1,1,-20,20,1,;SB;FB;NB;A125;I500;n35;P-20;B20;T1;X,NoError
774,12,2,10,12,2,1,0,17,1,;SB;FB;NB;A125;I500;n35;P0;B17;T1;X,NoError
775,13,2,10,13,0,1,-50,21,1,;SB;FB;NB;A125;I500;n35;P-50;B21;T1;X,NoError
776,14,2,10,14,1,1,-20,21,1,;SB;FB;NB;A125;I500;n35;P-20;B21;T1;X,NoError
777,15,2,10,15,2,1,0,19,1,;SB;FB;NB;A125;I500;n35;P0;B19;T1;X,NoError
778,16,2,10,16,2,1,0,17,1,;SB;FB;NB;A125;I500;n35;P0;B17;T1;X,NoError
779,17,2,10,17,2,1,0,21,1,;SB;FB;NB;A125;I500;n35;P0;B21;T1;X,NoError
780,18,2,10,18,4,1,50,20,1,;SB;FB;NB;A125;I500;n35;P50;B20;T1;X,NoError
781,19,2,10,19,2,1,0,18,0,;SB;FB;NB;A125;I500;n35;P0;B18;T1;X,SkipStim
782,20,2,10,19,2,1,0,18,1,;SB;FB;NB;A125;I500;n35;P0;B18;T1;X,NoError
783,0,0,11,0,2,1,0,21,1,;SB;FB;NB;A125;I500;n35;P0;B21;T1;X,NoError
784,1,0,11,1,4,1,50,17,1,;SB;FB;NB;A125;I500;n35;P50;B17;T1;X,NoError
785,2,0,11,2,1,1,-20,20,1,;SB;FB;NB;A125;I500;n35;P-20;B20;T1;X,NoError
786,3,0,11,3,4,1,50,19,0,;SB;FB;NB;A125;I500;n35;P50;B19;T1;X,SkipStim
787,4,0,11,4,2,1,0,18,0,;SB;FB;NB;A125;I500;n35;P0;B18;T1;X,SkipStim
788,5,0,11,5,0,1,-50,19,1,;SB;FB;NB;A125;I500;n35;P-50;B19;T1;X,NoError
789,6,0,11,6,0,1,-50,20,1,;SB;FB;NB;A125;I500;n35;P-50;B20;T1;X,NoError
790,7,0,11,7,1,1,-20,17,1,;SB;FB;NB;A125;I500;n35;P-20;B17;T1;X,NoError
791,8,0,11,8,4,1,50,21,1,;SB;FB;NB;A125;I500;n35;P50;B21;T1;X,NoError
792,9,0,11,9,0,1,-50,21,0,;SB;FB;NB;A125;I500;n35;P-50;B21;T1;X,NonAssignedResp
793,10,0,11,10,4,1,50,20,1,;SB;FB;NB;A125;I500;n35;P50;B20;T1;X,NoError
794,11,0,11,11,0,1,-50,19,1,;SB;FB;NB;A125;I500;n35;P-50;B19;T1;X,NoError
795,12,0,11,12,3,1,20,20,1,;SB;FB;NB;A125;I500;n35;P20;B20;T1;X,NoError
796,13,0,11,13,2,1,0,20,1,;SB;FB;NB;A125;I500;n35;P0;B20;T1;X,NoError
797,14,0,11,14,4,1,50,19,1,;SB;FB;NB;A125;I500;n35;P50;B19;T1;X,NoError
798,15,0,11,15,0,1,-50,18,1,;SB;FB;NB;A125;I500;n35;P-50;B18;T1;X,NoError
799,16,0,11,16,0,1,-50,21,1,;SB;FB;NB;A125;I500;n35;P-50;B21;T1;X,NoError
800,17,0,11,17,2,1,0,17,1,;SB;FB;NB;A125;I500;n35;P0;B17;T1;X,NoError
801,18,0,11,18,3,1,20,20,1,;SB;FB;NB;A125;I500;n35;P20;B20;T1;X,NoError
802,19,0,11,19,3,1,20,19,1,;SB;FB;NB;A125;I500;n35;P20;B19;T1;X,NoError
803,20,0,11,3,4,1,50,19,1,;SB;FB;NB;A125;I500;n35;P50;B19;T1;X,NoError
804,21,0,11,4,2,1,0,18,1,;SB;FB;NB;A125;I500;n35;P0;B18;T1;X,NoError
805,22,0,11,9,0,1,-50,21,1,;SB;FB;NB;A125;I500;n35;P-50;B21;T1;X,NoError
806,0,1,11,0,3,1,20,17,0,;SB;FB;NB;A125;I500;n35;P20;B17;T1;X,SkipStim
807,1,1,11,1,4,1,50,21,0,;SB;FB;NB;A125;I500;n35;P50;B21;T1;X,SkipStim
808,2,1,11,2,4,1,50,20,1,;SB;FB;NB;A125;I500;n35;P50;B20;T1;X,NoError
809,3,1,11,3,3,1,20,18,1,;SB;FB;NB;A125;I500;n35;P20;B18;T1;X,NoError
810,4,1,11,4,1,1,-20,21,0,;SB;FB;NB;A125;I500;n35;P-20;B21;T1;X,NonAssignedResp
811,5,1,11,5,3,1,20,18,1,;SB;FB;NB;A125;I500;n35;P20;B18;T1;X,NoError
812,6,1,11,6,1,1,-20,17,1,;SB;FB;NB;A125;I500;n35;P-20;B17;T1;X,NoError
813,7,1,11,7,2,1,0,20,1,;SB;FB;NB;A125;I500;n35;P0;B20;T1;X,NoError
814,8,1,11,8,4,1,50,19,1,;SB;FB;NB;A125;I500;n35;P50;B19;T1;X,NoError
815,9,1,11,9,4,1,50,19,1,;SB;FB;NB;A125;I500;n35;P50;B19;T1;X,NoError
816,10,1,11,10,4,1,50,21,1,;SB;FB;NB;A125;I500;n35;P50;B21;T1;X,NoError
817,11,1,11,11,3,1,20,20,1,;SB;FB;NB;A125;I500;n35;P20;B20;T1;X,NoError
818,12,1,11,12,3,1,20,19,1,;SB;FB;NB;A125;I500;n35;P20;B19;T1;X,NoError
819,13,1,11,13,0,1,-50,21,1,;SB;FB;NB;A125;I500;n35;P-50;B21;T1;X,NoError
820,14,1,11,14,0,1,-50,20,1,;SB;FB;NB;A125;I500;n35;P-50;B20;T1;X,NoError
821,15,1,11,15,3,1,20,18,1,;SB;FB;NB;A125;I500;n35;P20;B18;T1;X,NoError
822,16,1,11,16,1,1,-20,20,1,;SB;FB;NB;A125;I500;n35;P-20;B20;T1;X,NoError
823,17,1,11,17,1,1,-20,17,1,;SB;FB;NB;A125;I500;n35;P-20;B17;T1;X,NoError
824,18,1,11,18,0,1,-50,19,0,;SB;FB;NB;A125;I500;n35;P-50;B19;T1;X,SkipStim
825,19,1,11,19,0,1,-50,21,1,;SB;FB;NB;A125;I500;n35;P-50;B21;T1;X,NoError
826,20,1,11,0,3,1,20,17,0,;SB;FB;NB;A125;I500;n35;P20;B17;T1;X,SkipStim
827,21,1,11,1,4,1,50,21,1,;SB;FB;NB;A125;I500;n35;P50;B21;T1;X,NoError
828,22,1,11,4,1,1,-20,21,1,;SB;FB;NB;A125;I500;n35;P-20;B21;T1;X,NoError
829,23,1,11,18,0,1,-50,19,1,;SB;FB;NB;A125;I500;n35;P-50;B19;T1;X,NoError
830,24,1,11,0,3,1,20,17,1,;SB;FB;NB;A125;I500;n35;P20;B17;T1;X,NoError
831,0,2,11,0,3,1,20,19,1,;SB;FB;NB;A125;I500;n35;P20;B19;T1;X,NoError
832,1,2,11,1,1,1,-20,21,1,;SB;FB;NB;A125;I500;n35;P-20;B21;T1;X,NoError
833,2,2,11,2,4,1,50,17,1,;SB;FB;NB;A125;I500;n35;P50;B17;T1;X,NoError
834,3,2,11,3,3,1,20,19,1,;SB;FB;NB;A125;I500;n35;P20;B19;T1;X,NoError
835,4,2,11,4,2,1,0,18,1,;SB;FB;NB;A125;I500;n35;P0;B18;T1;X,NoError
836,5,2,11,5,4,1,50,18,1,;SB;FB;NB;A125;I500;n35;P50;B18;T1;X,NoError
837,6,2,11,6,1,1,-20,20,1,;SB;FB;NB;A125;I500;n35;P-20;B20;T1;X,NoError
838,7,2,11,7,1,1,-20,17,1,;SB;FB;NB;A125;I500;n35;P-20;B17;T1;X,NoError
839,8,2,11,8,2,1,0,21,1,;SB;FB;NB;A125;I500;n35;P0;B21;T1;X,NoError
840,9,2,11,9,2,1,0,21,1,;SB;FB;NB;A125;I500;n35;P0;B21;T1;X,NoError
841,10,2,11,10,0,1,-50,21,1,;SB;FB;NB;A125;I500;n35;P-50;B21;T1;X,NoError
842,11,2,11,11,3,1,20,19,1,;SB;FB;NB;A125;I500;n35;P20;B19;T1;X,NoError
843,12,2,11,12,1,1,-20,18,1,;SB;FB;NB;A125;I500;n35;P-20;B18;T1;X,NoError
844,13,2,11,13,0,1,-50,20,1,;SB;FB;NB;A125;I500;n35;P-50;B20;T1;X,NoError
845,14,2,11,14,1,1,-20,20,1,;SB;FB;NB;A125;I500;n35;P-20;B20;T1;X,NoError
846,15,2,11,15,2,1,0,17,1,;SB;FB;NB;A125;I500;n35;P0;B17;T1;X,NoError
847,16,2,11,16,2,1,0,19,1,;SB;FB;NB;A125;I500;n35;P0;B19;T1;X,NoError
848,17,2,11,17,1,1,-20,18,1,;SB;FB;NB;A125;I500;n35;P-20;B18;T1;X,NoError
849,18,2,11,18,2,1,0,19,1,;SB;FB;NB;A125;I500;n35;P0;B19;T1;X,NoError
850,19,2,11,19,2,1,0,18,1,;SB;FB;NB;A125;I500;n35;P0;B18;T1;X,NoError
851,0,0,12,0,1,1,-20,21,1,;SB;FB;NB;A125;I500;n35;P-20;B21;T1;X,NoError
852,1,0,12,1,1,1,-20,20,1,;SB;FB;NB;A125;I500;n35;P-20;B20;T1;X,NoError
853,2,0,12,2,4,1,50,21,0,;SB;FB;NB;A125;I500;n35;P50;B21;T1;X,NonAssignedResp
854,3,0,12,3,2,1,0,19,0,;SB;FB;NB;A125;I500;n35;P0;B19;T1;X,NonAssignedResp
855,4,0,12,4,0,1,-50,19,0,;SB;FB;NB;A125;I500;n35;P-50;B19;T1;X,NonAssignedResp
856,5,0,12,5,4,1,50,21,0,;SB;FB;NB;A125;I500;n35;P50;B21;T1;X,NonAssignedResp
857,6,0,12,6,1,1,-20,18,0,;SB;FB;NB;A125;I500;n35;P-20;B18;T1;X,NonAssignedResp
858,7,0,12,7,0,1,-50,18,0,;SB;FB;NB;A125;I500;n35;P-50;B18;T1;X,NonAssignedResp
859,8,0,12,8,2,1,0,18,0,;SB;FB;NB;A125;I500;n35;P0;B18;T1;X,NonAssignedResp
860,9,0,12,9,1,1,-20,18,1,;SB;FB;NB;A125;I500;n35;P-20;B18;T1;X,NoError
861,10,0,12,10,3,1,20,20,0,;SB;FB;NB;A125;I500;n35;P20;B20;T1;X,NonAssignedResp
862,11,0,12,11,4,1,50,21,0,;SB;FB;NB;A125;I500;n35;P50;B21;T1;X,NonAssignedResp
863,12,0,12,12,1,1,-20,19,1,;SB;FB;NB;A125;I500;n35;P-20;B19;T1;X,NoError
864,13,0,12,13,4,1,50,18,1,;SB;FB;NB;A125;I500;n35;P50;B18;T1;X,NoError
865,14,0,12,14,2,1,0,20,1,;SB;FB;NB;A125;I500;n35;P0;B20;T1;X,NoError
866,15,0,12,15,4,1,50,19,1,;SB;FB;NB;A125;I500;n35;P50;B19;T1;X,NoError
867,16,0,12,16,2,1,0,18,1,;SB;FB;NB;A125;I500;n35;P0;B18;T1;X,NoError
868,17,0,12,17,0,1,-50,21,1,;SB;FB;NB;A125;I500;n35;P-50;B21;T1;X,NoError
869,18,0,12,18,3,1,20,20,1,;SB;FB;NB;A125;I500;n35;P20;B20;T1;X,NoError
870,19,0,12,19,3,1,20,20,1,;SB;FB;NB;A125;I500;n35;P20;B20;T1;X,NoError
871,20,0,12,2,4,1,50,21,1,;SB;FB;NB;A125;I500;n35;P50;B21;T1;X,NoError
872,21,0,12,3,2,1,0,19,1,;SB;FB;NB;A125;I500;n35;P0;B19;T1;X,NoError
873,22,0,12,4,0,1,-50,19,1,;SB;FB;NB;A125;I500;n35;P-50;B19;T1;X,NoError
874,23,0,12,5,4,1,50,21,0,;SB;FB;NB;A125;I500;n35;P50;B21;T1;X,NonAssignedResp
875,24,0,12,6,1,1,-20,18,1,;SB;FB;NB;A125;I500;n35;P-20;B18;T1;X,NoError
876,25,0,12,7,0,1,-50,18,1,;SB;FB;NB;A125;I500;n35;P-50;B18;T1;X,NoError
877,26,0,12,8,2,1,0,18,1,;SB;FB;NB;A125;I500;n35;P0;B18;T1;X,NoError
878,27,0,12,10,3,1,20,20,1,;SB;FB;NB;A125;I500;n35;P20;B20;T1;X,NoError
879,28,0,12,11,4,1,50,21,0,;SB;FB;NB;A125;I500;n35;P50;B21;T1;X,NonAssignedResp
880,29,0,12,5,4,1,50,21,0,;SB;FB;NB;A125;I500;n35;P50;B21;T1;X,NonAssignedResp
881,30,0,12,11,4,1,50,21,0,;SB;FB;NB;A125;I500;n35;P50;B21;T1;X,NonAssignedResp
882,31,0,12,5,4,1,50,21,0,;SB;FB;NB;A125;I500;n35;P50;B21;T1;X,NonAssignedResp
883,32,0,12,11,4,1,50,21,0,;SB;FB;NB;A125;I500;n35;P50;B21;T1;X,NonAssignedResp
884,33,0,12,5,4,1,50,21,1,;SB;FB;NB;A125;I500;n35;P50;B21;T1;X,NoError
885,34,0,12,11,4,1,50,21,1,;SB;FB;NB;A125;I500;n35;P50;B21;T1;X,NoError
886,0,1,12,0,2,1,0,21,1,;SB;FB;NB;A125;I500;n35;P0;B21;T1;X,NoError
887,1,1,12,1,1,1,-20,18,1,;SB;FB;NB;A125;I500;n35;P-20;B18;T1;X,NoError
888,2,1,12,2,0,1,-50,21,1,;SB;FB;NB;A125;I500;n35;P-50;B21;T1;X,NoError
889,3,1,12,3,1,1,-20,19,1,;SB;FB;NB;A125;I500;n35;P-20;B19;T1;X,NoError
890,4,1,12,4,2,1,0,19,1,;SB;FB;NB;A125;I500;n35;P0;B19;T1;X,NoError
891,5,1,12,5,0,1,-50,20,1,;SB;FB;NB;A125;I500;n35;P-50;B20;T1;X,NoError
892,6,1,12,6,4,1,50,17,0,;SB;FB;NB;A125;I500;n35;P50;B17;T1;X,NonAssignedResp
893,7,1,12,7,3,1,20,20,1,;SB;FB;NB;A125;I500;n35;P20;B20;T1;X,NoError
894,8,1,12,8,0,1,-50,20,0,;SB;FB;NB;A125;I500;n35;P-50;B20;T1;X,NonAssignedResp
895,9,1,12,9,4,1,50,18,0,;SB;FB;NB;A125;I500;n35;P50;B18;T1;X,NonAssignedResp
896,10,1,12,10,2,1,0,17,1,;SB;FB;NB;A125;I500;n35;P0;B17;T1;X,NoError
897,11,1,12,11,4,1,50,17,1,;SB;FB;NB;A125;I500;n35;P50;B17;T1;X,NoError
898,12,1,12,12,3,1,20,17,1,;SB;FB;NB;A125;I500;n35;P20;B17;T1;X,NoError
899,13,1,12,13,0,1,-50,19,1,;SB;FB;NB;A125;I500;n35;P-50;B19;T1;X,NoError
900,14,1,12,14,4,1,50,19,1,;SB;FB;NB;A125;I500;n35;P50;B19;T1;X,NoError
901,15,1,12,15,0,1,-50,21,1,;SB;FB;NB;A125;I500;n35;P-50;B21;T1;X,NoError
902,16,1,12,16,4,1,50,17,1,;SB;FB;NB;A125;I500;n35;P50;B17;T1;X,NoError
903,17,1,12,17,1,1,-20,19,1,;SB;FB;NB;A125;I500;n35;P-20;B19;T1;X,NoError
904,18,1,12,18,2,1,0,18,0,;SB;FB;NB;A125;I500;n35;P0;B18;T1;X,NonAssignedResp
905,19,1,12,19,0,1,-50,21,1,;SB;FB;NB;A125;I500;n35;P-50;B21;T1;X,NoError
906,20,1,12,6,4,1,50,17,1,;SB;FB;NB;A125;I500;n35;P50;B17;T1;X,NoError
907,21,1,12,8,0,1,-50,20,1,;SB;FB;NB;A125;I500;n35;P-50;B20;T1;X,NoError
908,22,1,12,9,4,1,50,18,1,;SB;FB;NB;A125;I500;n35;P50;B18;T1;X,NoError
909,23,1,12,18,2,1,0,18,1,;SB;FB;NB;A125;I500;n35;P0;B18;T1;X,NoError
910,0,2,12,0,1,1,-20,17,1,;SB;FB;NB;A125;I500;n35;P-20;B17;T1;X,NoError
911,1,2,12,1,3,1,20,21,1,;SB;FB;NB;A125;I500;n35;P20;B21;T1;X,NoError
912,2,2,12,2,2,1,0,21,1,;SB;FB;NB;A125;I500;n35;P0;B21;T1;X,NoError
913,3,2,12,3,2,1,0,18,1,;SB;FB;NB;A125;I500;n35;P0;B18;T1;X,NoError
914,4,2,12,4,1,1,-20,17,1,;SB;FB;NB;A125;I500;n35;P-20;B17;T1;X,NoError
915,5,2,12,5,3,1,20,21,0,;SB;FB;NB;A125;I500;n35;P20;B21;T1;X,NonAssignedResp
916,6,2,12,6,0,1,-50,21,1,;SB;FB;NB;A125;I500;n35;P-50;B21;T1;X,NoError
917,7,2,12,7,0,1,-50,21,1,;SB;FB;NB;A125;I500;n35;P-50;B21;T1;X,NoError
918,8,2,12,8,1,1,-20,18,1,;SB;FB;NB;A125;I500;n35;P-20;B18;T1;X,NoError
919,9,2,12,9,3,1,20,19,1,;SB;FB;NB;A125;I500;n35;P20;B19;T1;X,NoError
920,10,2,12,10,2,1,0,20,1,;SB;FB;NB;A125;I500;n35;P0;B20;T1;X,NoError
921,11,2,12,11,4,1,50,17,1,;SB;FB;NB;A125;I500;n35;P50;B17;T1;X,NoError
922,12,2,12,12,3,1,20,19,1,;SB;FB;NB;A125;I500;n35;P20;B19;T1;X,NoError
923,13,2,12,13,2,1,0,17,1,;SB;FB;NB;A125;I500;n35;P0;B17;T1;X,NoError
924,14,2,12,14,3,1,20,20,1,;SB;FB;NB;A125;I500;n35;P20;B20;T1;X,NoError
925,15,2,12,15,0,1,-50,19,1,;SB;FB;NB;A125;I500;n35;P-50;B19;T1;X,NoError
926,16,2,12,16,3,1,20,18,1,;SB;FB;NB;A125;I500;n35;P20;B18;T1;X,NoError
927,17,2,12,17,3,1,20,18,1,;SB;FB;NB;A125;I500;n35;P20;B18;T1;X,NoError
928,18,2,12,18,1,1,-20,18,1,;SB;FB;NB;A125;I500;n35;P-20;B18;T1;X,NoError
929,19,2,12,19,4,1,50,19,1,;SB;FB;NB;A125;I500;n35;P50;B19;T1;X,NoError
930,20,2,12,5,3,1,20,21,1,;SB;FB;NB;A125;I500;n35;P20;B21;T1;X,NoError
931,0,0,13,0,2,1,0,17,1,;SB;FB;NB;A125;I500;n35;P0;B17;T1;X,NoError
932,1,0,13,1,1,1,-20,18,1,;SB;FB;NB;A125;I500;n35;P-20;B18;T1;X,NoError
933,2,0,13,2,3,1,20,21,1,;SB;FB;NB;A125;I500;n35;P20;B21;T1;X,NoError
934,3,0,13,3,4,1,50,17,0,;SB;FB;NB;A125;I500;n35;P50;B17;T1;X,SkipStim
935,4,0,13,4,2,1,0,17,0,;SB;FB;NB;A125;I500;n35;P0;B17;T1;X,SkipStim
936,5,0,13,5,3,1,20,17,1,;SB;FB;NB;A125;I500;n35;P20;B17;T1;X,NoError
937,6,0,13,6,4,1,50,17,1,;SB;FB;NB;A125;I500;n35;P50;B17;T1;X,NoError
938,7,0,13,7,0,1,-50,17,0,;SB;FB;NB;A125;I500;n35;P-50;B17;T1;X,NonAssignedResp
939,8,0,13,8,0,1,-50,17,1,;SB;FB;NB;A125;I500;n35;P-50;B17;T1;X,NoError
940,9,0,13,9,4,1,50,18,0,;SB;FB;NB;A125;I500;n35;P50;B18;T1;X,NonAssignedResp
941,10,0,13,10,0,1,-50,18,0,;SB;FB;NB;A125;I500;n35;P-50;B18;T1;X,NonAssignedResp
942,11,0,13,11,0,1,-50,18,1,;SB;FB;NB;A125;I500;n35;P-50;B18;T1;X,NoError
943,12,0,13,12,3,1,20,17,1,;SB;FB;NB;A125;I500;n35;P20;B17;T1;X,NoError
944,13,0,13,13,1,1,-20,21,1,;SB;FB;NB;A125;I500;n35;P-20;B21;T1;X,NoError
945,14,0,13,14,4,1,50,17,1,;SB;FB;NB;A125;I500;n35;P50;B17;T1;X,NoError
946,15,0,13,15,3,1,20,21,1,;SB;FB;NB;A125;I500;n35;P20;B21;T1;X,NoError
947,16,0,13,16,2,1,0,21,1,;SB;FB;NB;A125;I500;n35;P0;B21;T1;X,NoError
948,17,0,13,17,0,1,-50,19,0,;SB;FB;NB;A125;I500;n35;P-50;B19;T1;X,NonAssignedResp
949,18,0,13,18,2,1,0,18,0,;SB;FB;NB;A125;I500;n35;P0;B18;T1;X,SkipStim
950,19,0,13,19,1,1,-20,18,0,;SB;FB;NB;A125;I500;n35;P-20;B18;T1;X,SkipStim
951,20,0,13,3,4,1,50,17,1,;SB;FB;NB;A125;I500;n35;P50;B17;T1;X,NoError
952,21,0,13,4,2,1,0,17,1,;SB;FB;NB;A125;I500;n35;P0;B17;T1;X,NoError
953,22,0,13,7,0,1,-50,17,1,;SB;FB;NB;A125;I500;n35;P-50;B17;T1;X,NoError
954,23,0,13,9,4,1,50,18,1,;SB;FB;NB;A125;I500;n35;P50;B18;T1;X,NoError
955,24,0,13,10,0,1,-50,18,1,;SB;FB;NB;A125;I500;n35;P-50;B18;T1;X,NoError
956,25,0,13,17,0,1,-50,19,1,;SB;FB;NB;A125;I500;n35;P-50;B19;T1;X,NoError
957,26,0,13,18,2,1,0,18,1,;SB;FB;NB;A125;I500;n35;P0;B18;T1;X,NoError
958,27,0,13,19,1,1,-20,18,0,;SB;FB;NB;A125;I500;n35;P-20;B18;T1;X,SkipStim
959,28,0,13,19,1,1,-20,18,1,;SB;FB;NB;A125;I500;n35;P-20;B18;T1;X,NoError
960,0,1,13,0,1,1,-20,17,1,;SB;FB;NB;A125;I500;n35;P-20;B17;T1;X,NoError
961,1,1,13,1,0,1,-50,17,1,;SB;FB;NB;A125;I500;n35;P-50;B17;T1;X,NoError
962,2,1,13,2,0,1,-50,19,1,;SB;FB;NB;A125;I500;n35;P-50;B19;T1;X,NoError
963,3,1,13,3,4,1,50,19,1,;SB;FB;NB;A125;I500;n35;P50;B19;T1;X,NoError
964,4,1,13,4,3,1,20,18,0,;SB;FB;NB;A125;I500;n35;P20;B18;T1;X,NonAssignedResp
965,5,1,13,5,4,1,50,20,1,;SB;FB;NB;A125;I500;n35;P50;B20;T1;X,NoError
966,6,1,13,6,1,1,-20,18,1,;SB;FB;NB;A125;I500;n35;P-20;B18;T1;X,NoError
967,7,1,13,7,3,1,20,21,1,;SB;FB;NB;A125;I500;n35;P20;B21;T1;X,NoError
968,8,1,13,8,4,1,50,21,1,;SB;FB;NB;A125;I500;n35;P50;B21;T1;X,NoError
969,9,1,13,9,0,1,-50,17,1,;SB;FB;NB;A125;I500;n35;P-50;B17;T1;X,NoError
970,10,1,13,10,1,1,-20,21,1,;SB;FB;NB;A125;I500;n35;P-20;B21;T1;X,NoError
971,11,1,13,11,2,1,0,19,1,;SB;FB;NB;A125;I500;n35;P0;B19;T1;X,NoError
972,12,1,13,12,2,1,0,21,1,;SB;FB;NB;A125;I500;n35;P0;B21;T1;X,NoError
973,13,1,13,13,4,1,50,18,1,;SB;FB;NB;A125;I500;n35;P50;B18;T1;X,NoError
974,14,1,13,14,3,1,20,21,0,;SB;FB;NB;A125;I500;n35;P20;B21;T1;X,NonAssignedResp
975,15,1,13,15,2,1,0,18,0,;SB;FB;NB;A125;I500;n35;P0;B18;T1;X,NonAssignedResp
976,16,1,13,16,3,1,20,20,1,;SB;FB;NB;A125;I500;n35;P20;B20;T1;X,NoError
977,17,1,13,17,3,1,20,20,1,;SB;FB;NB;A125;I500;n35;P20;B20;T1;X,NoError
978,18,1,13,18,2,1,0,21,1,;SB;FB;NB;A125;I500;n35;P0;B21;T1;X,NoError
979,19,1,13,19,1,1,-20,20,1,;SB;FB;NB;A125;I500;n35;P-20;B20;T1;X,NoError
980,20,1,13,4,3,1,20,18,1,;SB;FB;NB;A125;I500;n35;P20;B18;T1;X,NoError
981,21,1,13,14,3,1,20,21,1,;SB;FB;NB;A125;I500;n35;P20;B21;T1;X,NoError
982,22,1,13,15,2,1,0,18,1,;SB;FB;NB;A125;I500;n35;P0;B18;T1;X,NoError
983,0,2,13,0,3,1,20,21,1,;SB;FB;NB;A125;I500;n35;P20;B21;T1;X,NoError
984,1,2,13,1,0,1,-50,19,1,;SB;FB;NB;A125;I500;n35;P-50;B19;T1;X,NoError
985,2,2,13,2,2,1,0,21,1,;SB;FB;NB;A125;I500;n35;P0;B21;T1;X,NoError
986,3,2,13,3,3,1,20,17,1,;SB;FB;NB;A125;I500;n35;P20;B17;T1;X,NoError
987,4,2,13,4,1,1,-20,19,1,;SB;FB;NB;A125;I500;n35;P-20;B19;T1;X,NoError
988,5,2,13,5,4,1,50,20,1,;SB;FB;NB;A125;I500;n35;P50;B20;T1;X,NoError
989,6,2,13,6,4,1,50,18,1,;SB;FB;NB;A125;I500;n35;P50;B18;T1;X,NoError
990,7,2,13,7,2,1,0,20,1,;SB;FB;NB;A125;I500;n35;P0;B20;T1;X,NoError
991,8,2,13,8,1,1,-20,17,1,;SB;FB;NB;A125;I500;n35;P-20;B17;T1;X,NoError
992,9,2,13,9,3,1,20,20,1,;SB;FB;NB;A125;I500;n35;P20;B20;T1;X,NoError
993,10,2,13,10,0,1,-50,17,1,;SB;FB;NB;A125;I500;n35;P-50;B17;T1;X,NoError
994,11,2,13,11,2,1,0,20,1,;SB;FB;NB;A125;I500;n35;P0;B20;T1;X,NoError
995,12,2,13,12,1,1,-20,17,1,;SB;FB;NB;A125;I500;n35;P-20;B17;T1;X,NoError
996,13,2,13,13,1,1,-20,20,1,;SB;FB;NB;A125;I500;n35;P-20;B20;T1;X,NoError
997,14,2,13,14,0,1,-50,21,0,;SB;FB;NB;A125;I500;n35;P-50;B21;T1;X,NonAssignedResp
998,15,2,13,15,0,1,-50,21,1,;SB;FB;NB;A125;I500;n35;P-50;B21;T1;X,NoError
999,16,2,13,16,4,1,50,17,0,;SB;FB;NB;A125;I500;n35;P50;B17;T1;X,NonAssignedResp
1000,17,2,13,17,4,1,50,21,0,;SB;FB;NB;A125;I500;n35;P50;B21;T1;X,NonAssignedResp
1001,18,2,13,18,1,1,-20,20,1,;SB;FB;NB;A125;I500;n35;P-20;B20;T1;X,NoError
1002,19,2,13,19,2,1,0,21,1,;SB;FB;NB;A125;I500;n35;P0;B21;T1;X,NoError
1003,20,2,13,14,0,1,-50,21,1,;SB;FB;NB;A125;I500;n35;P-50;B21;T1;X,NoError
1004,21,2,13,16,4,1,50,17,1,;SB;FB;NB;A125;I500;n35;P50;B17;T1;X,NoError
1005,22,2,13,17,4,1,50,21,1,;SB;FB;NB;A125;I500;n35;P50;B21;T1;X,NoError
1006,0,0,14,0,0,1,-50,21,1,;SB;FB;NB;A125;I500;n35;P-50;B21;T1;X,NoError
1007,1,0,14,1,3,1,20,20,1,;SB;FB;NB;A125;I500;n35;P20;B20;T1;X,NoError
1008,2,0,14,2,4,1,50,19,1,;SB;FB;NB;A125;I500;n35;P50;B19;T1;X,NoError
1009,3,0,14,3,2,1,0,20,1,;SB;FB;NB;A125;I500;n35;P0;B20;T1;X,NoError
1010,4,0,14,4,1,1,-20,19,1,;SB;FB;NB;A125;I500;n35;P-20;B19;T1;X,NoError
1011,5,0,14,5,1,1,-20,20,1,;SB;FB;NB;A125;I500;n35;P-20;B20;T1;X,NoError
1012,6,0,14,6,3,1,20,17,1,;SB;FB;NB;A125;I500;n35;P20;B17;T1;X,NoError
1013,7,0,14,7,3,1,20,17,0,;SB;FB;NB;A125;I500;n35;P20;B17;T1;X,SkipStim
1014,8,0,14,8,2,1,0,19,0,;SB;FB;NB;A125;I500;n35;P0;B19;T1;X,NonAssignedResp
1015,9,0,14,9,0,1,-50,21,1,;SB;FB;NB;A125;I500;n35;P-50;B21;T1;X,NoError
1016,10,0,14,10,4,1,50,17,0,;SB;FB;NB;A125;I500;n35;P50;B17;T1;X,SkipStim
1017,11,0,14,11,0,1,-50,18,1,;SB;FB;NB;A125;I500;n35;P-50;B18;T1;X,NoError
1018,12,0,14,12,4,1,50,20,0,;SB;FB;NB;A125;I500;n35;P50;B20;T1;X,SkipStim
1019,13,0,14,13,1,1,-20,18,0,;SB;FB;NB;A125;I500;n35;P-20;B18;T1;X,SkipStim
1020,14,0,14,14,3,1,20,20,1,;SB;FB;NB;A125;I500;n35;P20;B20;T1;X,NoError
1021,15,0,14,15,4,1,50,19,1,;SB;FB;NB;A125;I500;n35;P50;B19;T1;X,NoError
1022,16,0,14,16,3,1,20,20,1,;SB;FB;NB;A125;I500;n35;P20;B20;T1;X,NoError
1023,17,0,14,17,1,1,-20,19,0,;SB;FB;NB;A125;I500;n35;P-20;B19;T1;X,SkipStim
1024,18,0,14,18,3,1,20,17,1,;SB;FB;NB;A125;I500;n35;P20;B17;T1;X,NoError
1025,19,0,14,19,4,1,50,19,0,;SB;FB;NB;A125;I500;n35;P50;B19;T1;X,SkipStim
1026,20,0,14,7,3,1,20,17,0,;SB;FB;NB;A125;I500;n35;P20;B17;T1;X,SkipStim
1027,21,0,14,8,2,1,0,19,1,;SB;FB;NB;A125;I500;n35;P0;B19;T1;X,NoError
1028,22,0,14,10,4,1,50,17,0,;SB;FB;NB;A125;I500;n35;P50;B17;T1;X,SkipStim
1029,23,0,14,12,4,1,50,20,1,;SB;FB;NB;A125;I500;n35;P50;B20;T1;X,NoError
1030,24,0,14,13,1,1,-20,18,1,;SB;FB;NB;A125;I500;n35;P-20;B18;T1;X,NoError
1031,25,0,14,17,1,1,-20,19,0,;SB;FB;NB;A125;I500;n35;P-20;B19;T1;X,SkipStim
1032,26,0,14,19,4,1,50,19,0,;SB;FB;NB;A125;I500;n35;P50;B19;T1;X,SkipStim
1033,27,0,14,7,3,1,20,17,1,;SB;FB;NB;A125;I500;n35;P20;B17;T1;X,NoError
1034,28,0,14,10,4,1,50,17,0,;SB;FB;NB;A125;I500;n35;P50;B17;T1;X,SkipStim
1035,29,0,14,17,1,1,-20,19,1,;SB;FB;NB;A125;I500;n35;P-20;B19;T1;X,NoError
1036,30,0,14,19,4,1,50,19,1,;SB;FB;NB;A125;I500;n35;P50;B19;T1;X,NoError
1037,31,0,14,10,4,1,50,17,1,;SB;FB;NB;A125;I500;n35;P50;B17;T1;X,NoError
1038,0,1,14,0,1,1,-20,18,1,;SB;FB;NB;A125;I500;n35;P-20;B18;T1;X,NoError
1039,1,1,14,1,3,1,20,18,1,;SB;FB;NB;A125;I500;n35;P20;B18;T1;X,NoError
1040,2,1,14,2,0,1,-50,21,1,;SB;FB;NB;A125;I500;n35;P-50;B21;T1;X,NoError
1041,3,1,14,3,2,1,0,21,1,;SB;FB;NB;A125;I500;n35;P0;B21;T1;X,NoError
1042,4,1,14,4,2,1,0,20,0,;SB;FB;NB;A125;I500;n35;P0;B20;T1;X,SkipStim
1043,5,1,14,5,0,1,-50,20,1,;SB;FB;NB;A125;I500;n35;P-50;B20;T1;X,NoError
1044,6,1,14,6,4,1,50,19,1,;SB;FB;NB;A125;I500;n35;P50;B19;T1;X,NoError
1045,7,1,14,7,1,1,-20,17,1,;SB;FB;NB;A125;I500;n35;P-20;B17;T1;X,NoError
1046,8,1,14,8,1,1,-20,21,1,;SB;FB;NB;A125;I500;n35;P-20;B21;T1;X,NoError
1047,9,1,14,9,4,1,50,21,1,;SB;FB;NB;A125;I500;n35;P50;B21;T1;X,NoError
1048,10,1,14,10,0,1,-50,19,0,;SB;FB;NB;A125;I500;n35;P-50;B19;T1;X,SkipStim
1049,11,1,14,11,4,1,50,21,1,;SB;FB;NB;A125;I500;n35;P50;B21;T1;X,NoError
1050,12,1,14,12,4,1,50,17,1,;SB;FB;NB;A125;I500;n35;P50;B17;T1;X,NoError
1051,13,1,14,13,0,1,-50,17,1,;SB;FB;NB;A125;I500;n35;P-50;B17;T1;X,NoError
1052,14,1,14,14,2,1,0,17,1,;SB;FB;NB;A125;I500;n35;P0;B17;T1;X,NoError
1053,15,1,14,15,4,1,50,19,1,;SB;FB;NB;A125;I500;n35;P50;B19;T1;X,NoError
1054,16,1,14,16,1,1,-20,18,1,;SB;FB;NB;A125;I500;n35;P-20;B18;T1;X,NoError
1055,17,1,14,17,2,1,0,17,1,;SB;FB;NB;A125;I500;n35;P0;B17;T1;X,NoError
1056,18,1,14,18,3,1,20,21,0,;SB;FB;NB;A125;I500;n35;P20;B21;T1;X,SkipStim
1057,19,1,14,19,4,1,50,21,1,;SB;FB;NB;A125;I500;n35;P50;B21;T1;X,NoError
1058,20,1,14,4,2,1,0,20,0,;SB;FB;NB;A125;I500;n35;P0;B20;T1;X,SkipStim
1059,21,1,14,10,0,1,-50,19,1,;SB;FB;NB;A125;I500;n35;P-50;B19;T1;X,NoError
1060,22,1,14,18,3,1,20,21,0,;SB;FB;NB;A125;I500;n35;P20;B21;T1;X,SkipStim
1061,23,1,14,4,2,1,0,20,1,;SB;FB;NB;A125;I500;n35;P0;B20;T1;X,NoError
1062,24,1,14,18,3,1,20,21,0,;SB;FB;NB;A125;I500;n35;P20;B21;T1;X,SkipStim
1063,25,1,14,18,3,1,20,21,1,;SB;FB;NB;A125;I500;n35;P20;B21;T1;X,NoError
1064,0,2,14,0,3,1,20,18,1,;SB;FB;NB;A125;I500;n35;P20;B18;T1;X,NoError
1065,1,2,14,1,0,1,-50,17,1,;SB;FB;NB;A125;I500;n35;P-50;B17;T1;X,NoError
1066,2,2,14,2,2,1,0,18,1,;SB;FB;NB;A125;I500;n35;P0;B18;T1;X,NoError
1067,3,2,14,3,1,1,-20,20,1,;SB;FB;NB;A125;I500;n35;P-20;B20;T1;X,NoError
1068,4,2,14,4,2,1,0,20,1,;SB;FB;NB;A125;I500;n35;P0;B20;T1;X,NoError
1069,5,2,14,5,0,1,-50,19,1,;SB;FB;NB;A125;I500;n35;P-50;B19;T1;X,NoError
1070,6,2,14,6,2,1,0,17,1,;SB;FB;NB;A125;I500;n35;P0;B17;T1;X,NoError
1071,7,2,14,7,3,1,20,18,1,;SB;FB;NB;A125;I500;n35;P20;B18;T1;X,NoError
1072,8,2,14,8,1,1,-20,19,1,;SB;FB;NB;A125;I500;n35;P-20;B19;T1;X,NoError
1073,9,2,14,9,2,1,0,18,1,;SB;FB;NB;A125;I500;n35;P0;B18;T1;X,NoError
1074,10,2,14,10,2,1,0,21,1,;SB;FB;NB;A125;I500;n35;P0;B21;T1;X,NoError
1075,11,2,14,11,2,1,0,19,1,;SB;FB;NB;A125;I500;n35;P0;B19;T1;X,NoError
1076,12,2,14,12,1,1,-20,20,1,;SB;FB;NB;A125;I500;n35;P-20;B20;T1;X,NoError
1077,13,2,14,13,3,1,20,17,0,;SB;FB;NB;A125;I500;n35;P20;B17;T1;X,SkipStim
1078,14,2,14,14,4,1,50,18,1,;SB;FB;NB;A125;I500;n35;P50;B18;T1;X,NoError
1079,15,2,14,15,0,1,-50,19,1,;SB;FB;NB;A125;I500;n35;P-50;B19;T1;X,NoError
1080,16,2,14,16,3,1,20,21,0,;SB;FB;NB;A125;I500;n35;P20;B21;T1;X,SkipStim
1081,17,2,14,17,0,1,-50,21,1,;SB;FB;NB;A125;I500;n35;P-50;B21;T1;X,NoError
1082,18,2,14,18,1,1,-20,17,1,;SB;FB;NB;A125;I500;n35;P-20;B17;T1;X,NoError
1083,19,2,14,19,0,1,-50,18,1,;SB;FB;NB;A125;I500;n35;P-50;B18;T1;X,NoError
1084,20,2,14,13,3,1,20,17,1,;SB;FB;NB;A125;I500;n35;P20;B17;T1;X,NoError
1085,21,2,14,16,3,1,20,21,1,;SB;FB;NB;A125;I500;n35;P20;B21;T1;X,NoError
1086,0,0,15,0,2,1,0,19,1,;SB;FB;NB;A125;I500;n35;P0;B19;T1;X,NoError
1087,1,0,15,1,0,1,-50,19,1,;SB;FB;NB;A125;I500;n35;P-50;B19;T1;X,NoError
1088,2,0,15,2,0,1,-50,18,0,;SB;FB;NB;A125;I500;n35;P-50;B18;T1;X,NonAssignedResp
1089,3,0,15,3,0,1,-50,17,1,;SB;FB;NB;A125;I500;n35;P-50;B17;T1;X,NoError
1090,4,0,15,4,3,1,20,18,1,;SB;FB;NB;A125;I500;n35;P20;B18;T1;X,NoError
1091,5,0,15,5,2,1,0,19,1,;SB;FB;NB;A125;I500;n35;P0;B19;T1;X,NoError
1092,6,0,15,6,1,1,-20,20,1,;SB;FB;NB;A125;I500;n35;P-20;B20;T1;X,NoError
1093,7,0,15,7,3,1,20,17,1,;SB;FB;NB;A125;I500;n35;P20;B17;T1;X,NoError
1094,8,0,15,8,1,1,-20,20,1,;SB;FB;NB;A125;I500;n35;P-20;B20;T1;X,NoError
1095,9,0,15,9,2,1,0,20,1,;SB;FB;NB;A125;I500;n35;P0;B20;T1;X,NoError
1096,10,0,15,10,1,1,-20,20,1,;SB;FB;NB;A125;I500;n35;P-20;B20;T1;X,NoError
1097,11,0,15,11,4,1,50,17,1,;SB;FB;NB;A125;I500;n35;P50;B17;T1;X,NoError
1098,12,0,15,12,1,1,-20,17,1,;SB;FB;NB;A125;I500;n35;P-20;B17;T1;X,NoError
1099,13,0,15,13,3,1,20,17,1,;SB;FB;NB;A125;I500;n35;P20;B17;T1;X,NoError
1100,14,0,15,14,3,1,20,20,1,;SB;FB;NB;A125;I500;n35;P20;B20;T1;X,NoError
1101,15,0,15,15,3,1,20,18,1,;SB;FB;NB;A125;I500;n35;P20;B18;T1;X,NoError
1102,16,0,15,16,4,1,50,18,0,;SB;FB;NB;A125;I500;n35;P50;B18;T1;X,NonAssignedResp
1103,17,0,15,17,1,1,-20,17,0,;SB;FB;NB;A125;I500;n35;P-20;B17;T1;X,NonAssignedResp
1104,18,0,15,18,4,1,50,17,1,;SB;FB;NB;A125;I500;n35;P50;B17;T1;X,NoError
1105,19,0,15,19,2,1,0,18,1,;SB;FB;NB;A125;I500;n35;P0;B18;T1;X,NoError
1106,20,0,15,2,0,1,-50,18,1,;SB;FB;NB;A125;I500;n35;P-50;B18;T1;X,NoError
1107,21,0,15,16,4,1,50,18,0,;SB;FB;NB;A125;I500;n35;P50;B18;T1;X,SkipStim
1108,22,0,15,17,1,1,-20,17,1,;SB;FB;NB;A125;I500;n35;P-20;B17;T1;X,NoError
1109,23,0,15,16,4,1,50,18,1,;SB;FB;NB;A125;I500;n35;P50;B18;T1;X,NoError
1110,0,1,15,0,3,1,20,20,1,;SB;FB;NB;A125;I500;n35;P20;B20;T1;X,NoError
1111,1,1,15,1,2,1,0,17,1,;SB;FB;NB;A125;I500;n35;P0;B17;T1;X,NoError
1112,2,1,15,2,1,1,-20,17,1,;SB;FB;NB;A125;I500;n35;P-20;B17;T1;X,NoError
1113,3,1,15,3,3,1,20,19,1,;SB;FB;NB;A125;I500;n35;P20;B19;T1;X,NoError
1114,4,1,15,4,0,1,-50,20,1,;SB;FB;NB;A125;I500;n35;P-50;B20;T1;X,NoError
1115,5,1,15,5,4,1,50,18,1,;SB;FB;NB;A125;I500;n35;P50;B18;T1;X,NoError
1116,6,1,15,6,0,1,-50,17,1,;SB;FB;NB;A125;I500;n35;P-50;B17;T1;X,NoError
1117,7,1,15,7,4,1,50,21,1,;SB;FB;NB;A125;I500;n35;P50;B21;T1;X,NoError
1118,8,1,15,8,0,1,-50,20,1,;SB;FB;NB;A125;I500;n35;P-50;B20;T1;X,NoError
1119,9,1,15,9,2,1,0,20,1,;SB;FB;NB;A125;I500;n35;P0;B20;T1;X,NoError
1120,10,1,15,10,4,1,50,18,1,;SB;FB;NB;A125;I500;n35;P50;B18;T1;X,NoError
1121,11,1,15,11,3,1,20,18,1,;SB;FB;NB;A125;I500;n35;P20;B18;T1;X,NoError
1122,12,1,15,12,2,1,0,19,0,;SB;FB;NB;A125;I500;n35;P0;B19;T1;X,SkipStim
1123,13,1,15,13,0,1,-50,18,0,;SB;FB;NB;A125;I500;n35;P-50;B18;T1;X,NonAssignedResp
1124,14,1,15,14,4,1,50,18,1,;SB;FB;NB;A125;I500;n35;P50;B18;T1;X,NoError
1125,15,1,15,15,3,1,20,21,1,;SB;FB;NB;A125;I500;n35;P20;B21;T1;X,NoError
1126,16,1,15,16,3,1,20,19,1,;SB;FB;NB;A125;I500;n35;P20;B19;T1;X,NoError
1127,17,1,15,17,2,1,0,19,1,;SB;FB;NB;A125;I500;n35;P0;B19;T1;X,NoError
1128,18,1,15,18,1,1,-20,18,1,;SB;FB;NB;A125;I500;n35;P-20;B18;T1;X,NoError
1129,19,1,15,19,1,1,-20,21,0,;SB;FB;NB;A125;I500;n35;P-20;B21;T1;X,NonAssignedResp
1130,20,1,15,12,2,1,0,19,1,;SB;FB;NB;A125;I500;n35;P0;B19;T1;X,NoError
1131,21,1,15,13,0,1,-50,18,1,;SB;FB;NB;A125;I500;n35;P-50;B18;T1;X,NoError
1132,22,1,15,19,1,1,-20,21,1,;SB;FB;NB;A125;I500;n35;P-20;B21;T1;X,NoError
1133,0,2,15,0,4,1,50,18,1,;SB;FB;NB;A125;I500;n35;P50;B18;T1;X,NoError
1134,1,2,15,1,0,1,-50,19,1,;SB;FB;NB;A125;I500;n35;P-50;B19;T1;X,NoError
1135,2,2,15,2,3,1,20,20,1,;SB;FB;NB;A125;I500;n35;P20;B20;T1;X,NoError
1136,3,2,15,3,0,1,-50,17,1,;SB;FB;NB;A125;I500;n35;P-50;B17;T1;X,NoError
1137,4,2,15,4,2,1,0,20,1,;SB;FB;NB;A125;I500;n35;P0;B20;T1;X,NoError
1138,5,2,15,5,3,1,20,21,1,;SB;FB;NB;A125;I500;n35;P20;B21;T1;X,NoError
1139,6,2,15,6,4,1,50,17,1,;SB;FB;NB;A125;I500;n35;P50;B17;T1;X,NoError
1140,7,2,15,7,1,1,-20,17,1,;SB;FB;NB;A125;I500;n35;P-20;B17;T1;X,NoError
1141,8,2,15,8,0,1,-50,17,1,;SB;FB;NB;A125;I500;n35;P-50;B17;T1;X,NoError
1142,9,2,15,9,1,1,-20,17,1,;SB;FB;NB;A125;I500;n35;P-20;B17;T1;X,NoError
1143,10,2,15,10,0,1,-50,21,1,;SB;FB;NB;A125;I500;n35;P-50;B21;T1;X,NoError
1144,11,2,15,11,4,1,50,21,1,;SB;FB;NB;A125;I500;n35;P50;B21;T1;X,NoError
1145,12,2,15,12,1,1,-20,21,0,;SB;FB;NB;A125;I500;n35;P-20;B21;T1;X,SkipStim
1146,13,2,15,13,4,1,50,18,1,;SB;FB;NB;A125;I500;n35;P50;B18;T1;X,NoError
1147,14,2,15,14,4,1,50,21,0,;SB;FB;NB;A125;I500;n35;P50;B21;T1;X,NonAssignedResp
1148,15,2,15,15,0,1,-50,21,1,;SB;FB;NB;A125;I500;n35;P-50;B21;T1;X,NoError
1149,16,2,15,16,2,1,0,17,1,;SB;FB;NB;A125;I500;n35;P0;B17;T1;X,NoError
1150,17,2,15,17,1,1,-20,17,1,;SB;FB;NB;A125;I500;n35;P-20;B17;T1;X,NoError
1151,18,2,15,18,2,1,0,19,1,;SB;FB;NB;A125;I500;n35;P0;B19;T1;X,NoError
1152,19,2,15,19,2,1,0,19,1,;SB;FB;NB;A125;I500;n35;P0;B19;T1;X,NoError
1153,20,2,15,12,1,1,-20,21,1,;SB;FB;NB;A125;I500;n35;P-20;B21;T1;X,NoError
1154,21,2,15,14,4,1,50,21,0,;SB;FB;NB;A125;I500;n35;P50;B21;T1;X,NonAssignedResp
1155,22,2,15,14,4,1,50,21,1,;SB;FB;NB;A125;I500;n35;P50;B21;T1;X,NoError
1156,0,0,16,0,2,1,0,20,1,;SB;FB;NB;A125;I500;n35;P0;B20;T1;X,NoError
1157,1,0,16,1,2,1,0,17,1,;SB;FB;NB;A125;I500;n35;P0;B17;T1;X,NoError
1158,2,0,16,2,2,1,0,20,1,;SB;FB;NB;A125;I500;n35;P0;B20;T1;X,NoError
1159,3,0,16,3,0,1,-50,20,0,;SB;FB;NB;A125;I500;n35;P-50;B20;T1;X,NonAssignedResp
1160,4,0,16,4,0,1,-50,17,0,;SB;FB;NB;A125;I500;n35;P-50;B17;T1;X,NonAssignedResp
1161,5,0,16,5,0,1,-50,21,0,;SB;FB;NB;A125;I500;n35;P-50;B21;T1;X,NonAssignedResp
1162,6,0,16,6,1,1,-20,20,1,;SB;FB;NB;A125;I500;n35;P-20;B20;T1;X,NoError
1163,7,0,16,7,4,1,50,19,1,;SB;FB;NB;A125;I500;n35;P50;B19;T1;X,NoError
1164,8,0,16,8,0,1,-50,21,1,;SB;FB;NB;A125;I500;n35;P-50;B21;T1;X,NoError
1165,9,0,16,9,3,1,20,20,1,;SB;FB;NB;A125;I500;n35;P20;B20;T1;X,NoError
1166,10,0,16,10,3,1,20,18,1,;SB;FB;NB;A125;I500;n35;P20;B18;T1;X,NoError
1167,11,0,16,11,3,1,20,17,1,;SB;FB;NB;A125;I500;n35;P20;B17;T1;X,NoError
1168,12,0,16,12,3,1,20,17,1,;SB;FB;NB;A125;I500;n35;P20;B17;T1;X,NoError
1169,13,0,16,13,4,1,50,17,1,;SB;FB;NB;A125;I500;n35;P50;B17;T1;X,NoError
1170,14,0,16,14,3,1,20,19,1,;SB;FB;NB;A125;I500;n35;P20;B19;T1;X,NoError
1171,15,0,16,15,3,1,20,21,1,;SB;FB;NB;A125;I500;n35;P20;B21;T1;X,NoError
1172,16,0,16,16,1,1,-20,18,1,;SB;FB;NB;A125;I500;n35;P-20;B18;T1;X,NoError
1173,17,0,16,17,4,1,50,19,1,;SB;FB;NB;A125;I500;n35;P50;B19;T1;X,NoError
1174,18,0,16,18,0,1,-50,21,1,;SB;FB;NB;A125;I500;n35;P-50;B21;T1;X,NoError
1175,19,0,16,19,3,1,20,21,1,;SB;FB;NB;A125;I500;n35;P20;B21;T1;X,NoError
1176,20,0,16,3,0,1,-50,20,1,;SB;FB;NB;A125;I500;n35;P-50;B20;T1;X,NoError
1177,21,0,16,4,0,1,-50,17,1,;SB;FB;NB;A125;I500;n35;P-50;B17;T1;X,NoError
1178,22,0,16,5,0,1,-50,21,1,;SB;FB;NB;A125;I500;n35;P-50;B21;T1;X,NoError
1179,0,1,16,0,2,1,0,21,1,;SB;FB;NB;A125;I500;n35;P0;B21;T1;X,NoError
1180,1,1,16,1,1,1,-20,21,1,;SB;FB;NB;A125;I500;n35;P-20;B21;T1;X,NoError
1181,2,1,16,2,4,1,50,19,1,;SB;FB;NB;A125;I500;n35;P50;B19;T1;X,NoError
1182,3,1,16,3,0,1,-50,21,1,;SB;FB;NB;A125;I500;n35;P-50;B21;T1;X,NoError
1183,4,1,16,4,2,1,0,20,0,;SB;FB;NB;A125;I500;n35;P0;B20;T1;X,NonAssignedResp
1184,5,1,16,5,3,1,20,17,1,;SB;FB;NB;A125;I500;n35;P20;B17;T1;X,NoError
1185,6,1,16,6,2,1,0,21,0,;SB;FB;NB;A125;I500;n35;P0;B21;T1;X,NonAssignedResp
1186,7,1,16,7,0,1,-50,20,1,;SB;FB;NB;A125;I500;n35;P-50;B20;T1;X,NoError
1187,8,1,16,8,1,1,-20,19,1,;SB;FB;NB;A125;I500;n35;P-20;B19;T1;X,NoError
1188,9,1,16,9,1,1,-20,18,1,;SB;FB;NB;A125;I500;n35;P-20;B18;T1;X,NoError
1189,10,1,16,10,1,1,-20,17,0,;SB;FB;NB;A125;I500;n35;P-20;B17;T1;X,NonAssignedResp
1190,11,1,16,11,3,1,20,20,1,;SB;FB;NB;A125;I500;n35;P20;B20;T1;X,NoError
1191,12,1,16,12,2,1,0,19,1,;SB;FB;NB;A125;I500;n35;P0;B19;T1;X,NoError
1192,13,1,16,13,1,1,-20,17,1,;SB;FB;NB;A125;I500;n35;P-20;B17;T1;X,NoError
1193,14,1,16,14,3,1,20,18,0,;SB;FB;NB;A125;I500;n35;P20;B18;T1;X,NonAssignedResp
1194,15,1,16,15,2,1,0,17,1,;SB;FB;NB;A125;I500;n35;P0;B17;T1;X,NoError
1195,16,1,16,16,1,1,-20,18,1,;SB;FB;NB;A125;I500;n35;P-20;B18;T1;X,NoError
1196,17,1,16,17,1,1,-20,21,1,;SB;FB;NB;A125;I500;n35;P-20;B21;T1;X,NoError
1197,18,1,16,18,4,1,50,18,1,;SB;FB;NB;A125;I500;n35;P50;B18;T1;X,NoError
1198,19,1,16,19,4,1,50,21,1,;SB;FB;NB;A125;I500;n35;P50;B21;T1;X,NoError
1199,20,1,16,4,2,1,0,20,0,;SB;FB;NB;A125;I500;n35;P0;B20;T1;X,NonAssignedResp
1200,21,1,16,6,2,1,0,21,1,;SB;FB;NB;A125;I500;n35;P0;B21;T1;X,NoError
1201,22,1,16,10,1,1,-20,17,0,;SB;FB;NB;A125;I500;n35;P-20;B17;T1;X,NonAssignedResp
1202,23,1,16,14,3,1,20,18,0,;SB;FB;NB;A125;I500;n35;P20;B18;T1;X,NonAssignedResp
1203,24,1,16,4,2,1,0,20,0,;SB;FB;NB;A125;I500;n35;P0;B20;T1;X,NonAssignedResp
1204,25,1,16,10,1,1,-20,17,1,;SB;FB;NB;A125;I500;n35;P-20;B17;T1;X,NoError
1205,26,1,16,14,3,1,20,18,1,;SB;FB;NB;A125;I500;n35;P20;B18;T1;X,NoError
1206,27,1,16,4,2,1,0,20,0,;SB;FB;NB;A125;I500;n35;P0;B20;T1;X,NonAssignedResp
1207,28,1,16,4,2,1,0,20,1,;SB;FB;NB;A125;I500;n35;P0;B20;T1;X,NoError
1208,0,2,16,0,4,1,50,18,1,;SB;FB;NB;A125;I500;n35;P50;B18;T1;X,NoError
1209,1,2,16,1,0,1,-50,17,1,;SB;FB;NB;A125;I500;n35;P-50;B17;T1;X,NoError
1210,2,2,16,2,3,1,20,18,1,;SB;FB;NB;A125;I500;n35;P20;B18;T1;X,NoError
1211,3,2,16,3,2,1,0,19,1,;SB;FB;NB;A125;I500;n35;P0;B19;T1;X,NoError
1212,4,2,16,4,0,1,-50,20,1,;SB;FB;NB;A125;I500;n35;P-50;B20;T1;X,NoError
1213,5,2,16,5,4,1,50,19,1,;SB;FB;NB;A125;I500;n35;P50;B19;T1;X,NoError
1214,6,2,16,6,4,1,50,21,1,;SB;FB;NB;A125;I500;n35;P50;B21;T1;X,NoError
1215,7,2,16,7,2,1,0,20,1,;SB;FB;NB;A125;I500;n35;P0;B20;T1;X,NoError
1216,8,2,16,8,2,1,0,18,1,;SB;FB;NB;A125;I500;n35;P0;B18;T1;X,NoError
1217,9,2,16,9,4,1,50,19,1,;SB;FB;NB;A125;I500;n35;P50;B19;T1;X,NoError
1218,10,2,16,10,4,1,50,17,0,;SB;FB;NB;A125;I500;n35;P50;B17;T1;X,NonAssignedResp
1219,11,2,16,11,3,1,20,21,1,;SB;FB;NB;A125;I500;n35;P20;B21;T1;X,NoError
1220,12,2,16,12,4,1,50,18,1,;SB;FB;NB;A125;I500;n35;P50;B18;T1;X,NoError
1221,13,2,16,13,2,1,0,20,1,;SB;FB;NB;A125;I500;n35;P0;B20;T1;X,NoError
1222,14,2,16,14,1,1,-20,20,1,;SB;FB;NB;A125;I500;n35;P-20;B20;T1;X,NoError
1223,15,2,16,15,0,1,-50,17,1,;SB;FB;NB;A125;I500;n35;P-50;B17;T1;X,NoError
1224,16,2,16,16,0,1,-50,19,1,;SB;FB;NB;A125;I500;n35;P-50;B19;T1;X,NoError
1225,17,2,16,17,0,1,-50,20,1,;SB;FB;NB;A125;I500;n35;P-50;B20;T1;X,NoError
1226,18,2,16,18,1,1,-20,20,1,;SB;FB;NB;A125;I500;n35;P-20;B20;T1;X,NoError
1227,19,2,16,19,1,1,-20,21,1,;SB;FB;NB;A125;I500;n35;P-20;B21;T1;X,NoError
1228,20,2,16,10,4,1,50,17,1,;SB;FB;NB;A125;I500;n35;P50;B17;T1;X,NoError
1229,0,0,17,0,0,1,-50,18,1,;SB;FB;NB;A125;I500;n35;P-50;B18;T1;X,NoError
1230,1,0,17,1,1,1,-20,21,1,;SB;FB;NB;A125;I500;n35;P-20;B21;T1;X,NoError
1231,2,0,17,2,4,1,50,20,1,;SB;FB;NB;A125;I500;n35;P50;B20;T1;X,NoError
1232,3,0,17,3,2,1,0,17,1,;SB;FB;NB;A125;I500;n35;P0;B17;T1;X,NoError
1233,4,0,17,4,2,1,0,18,1,;SB;FB;NB;A125;I500;n35;P0;B18;T1;X,NoError
1234,5,0,17,5,1,1,-20,21,1,;SB;FB;NB;A125;I500;n35;P-20;B21;T1;X,NoError
1235,6,0,17,6,2,1,0,17,1,;SB;FB;NB;A125;I500;n35;P0;B17;T1;X,NoError
1236,7,0,17,7,2,1,0,21,1,;SB;FB;NB;A125;I500;n35;P0;B21;T1;X,NoError
1237,8,0,17,8,0,1,-50,19,1,;SB;FB;NB;A125;I500;n35;P-50;B19;T1;X,NoError
1238,9,0,17,9,1,1,-20,17,1,;SB;FB;NB;A125;I500;n35;P-20;B17;T1;X,NoError
1239,10,0,17,10,4,1,50,21,1,;SB;FB;NB;A125;I500;n35;P50;B21;T1;X,NoError
1240,11,0,17,11,3,1,20,19,1,;SB;FB;NB;A125;I500;n35;P20;B19;T1;X,NoError
1241,12,0,17,12,2,1,0,17,1,;SB;FB;NB;A125;I500;n35;P0;B17;T1;X,NoError
1242,13,0,17,13,1,1,-20,19,1,;SB;FB;NB;A125;I500;n35;P-20;B19;T1;X,NoError
1243,14,0,17,14,2,1,0,20,1,;SB;FB;NB;A125;I500;n35;P0;B20;T1;X,NoError
1244,15,0,17,15,4,1,50,20,1,;SB;FB;NB;A125;I500;n35;P50;B20;T1;X,NoError
1245,16,0,17,16,3,1,20,21,1,;SB;FB;NB;A125;I500;n35;P20;B21;T1;X,NoError
1246,17,0,17,17,3,1,20,17,1,;SB;FB;NB;A125;I500;n35;P20;B17;T1;X,NoError
1247,18,0,17,18,3,1,20,21,1,;SB;FB;NB;A125;I500;n35;P20;B21;T1;X,NoError
1248,19,0,17,19,3,1,20,20,1,;SB;FB;NB;A125;I500;n35;P20;B20;T1;X,NoError
1249,0,1,17,0,3,1,20,20,1,;SB;FB;NB;A125;I500;n35;P20;B20;T1;X,NoError
1250,1,1,17,1,4,1,50,19,1,;SB;FB;NB;A125;I500;n35;P50;B19;T1;X,NoError
1251,2,1,17,2,0,1,-50,17,1,;SB;FB;NB;A125;I500;n35;P-50;B17;T1;X,NoError
1252,3,1,17,3,4,1,50,19,1,;SB;FB;NB;A125;I500;n35;P50;B19;T1;X,NoError
1253,4,1,17,4,2,1,0,18,1,;SB;FB;NB;A125;I500;n35;P0;B18;T1;X,NoError
1254,5,1,17,5,1,1,-20,19,1,;SB;FB;NB;A125;I500;n35;P-20;B19;T1;X,NoError
1255,6,1,17,6,2,1,0,18,1,;SB;FB;NB;A125;I500;n35;P0;B18;T1;X,NoError
1256,7,1,17,7,0,1,-50,21,1,;SB;FB;NB;A125;I500;n35;P-50;B21;T1;X,NoError
1257,8,1,17,8,4,1,50,18,1,;SB;FB;NB;A125;I500;n35;P50;B18;T1;X,NoError
1258,9,1,17,9,3,1,20,19,1,;SB;FB;NB;A125;I500;n35;P20;B19;T1;X,NoError
1259,10,1,17,10,0,1,-50,19,1,;SB;FB;NB;A125;I500;n35;P-50;B19;T1;X,NoError
1260,11,1,17,11,0,1,-50,18,1,;SB;FB;NB;A125;I500;n35;P-50;B18;T1;X,NoError
1261,12,1,17,12,3,1,20,21,1,;SB;FB;NB;A125;I500;n35;P20;B21;T1;X,NoError
1262,13,1,17,13,4,1,50,21,1,;SB;FB;NB;A125;I500;n35;P50;B21;T1;X,NoError
1263,14,1,17,14,3,1,20,18,1,;SB;FB;NB;A125;I500;n35;P20;B18;T1;X,NoError
1264,15,1,17,15,1,1,-20,21,1,;SB;FB;NB;A125;I500;n35;P-20;B21;T1;X,NoError
1265,16,1,17,16,1,1,-20,21,1,;SB;FB;NB;A125;I500;n35;P-20;B21;T1;X,NoError
1266,17,1,17,17,4,1,50,17,1,;SB;FB;NB;A125;I500;n35;P50;B17;T1;X,NoError
1267,18,1,17,18,2,1,0,19,1,;SB;FB;NB;A125;I500;n35;P0;B19;T1;X,NoError
1268,19,1,17,19,1,1,-20,19,1,;SB;FB;NB;A125;I500;n35;P-20;B19;T1;X,NoError
1269,0,2,17,0,1,1,-20,21,1,;SB;FB;NB;A125;I500;n35;P-20;B21;T1;X,NoError
1270,1,2,17,1,2,1,0,18,1,;SB;FB;NB;A125;I500;n35;P0;B18;T1;X,NoError
1271,2,2,17,2,3,1,20,17,1,;SB;FB;NB;A125;I500;n35;P20;B17;T1;X,NoError
1272,3,2,17,3,0,1,-50,17,1,;SB;FB;NB;A125;I500;n35;P-50;B17;T1;X,NoError
1273,4,2,17,4,0,1,-50,21,1,;SB;FB;NB;A125;I500;n35;P-50;B21;T1;X,NoError
1274,5,2,17,5,0,1,-50,20,1,;SB;FB;NB;A125;I500;n35;P-50;B20;T1;X,NoError
1275,6,2,17,6,2,1,0,21,1,;SB;FB;NB;A125;I500;n35;P0;B21;T1;X,NoError
1276,7,2,17,7,3,1,20,21,1,;SB;FB;NB;A125;I500;n35;P20;B21;T1;X,NoError
1277,8,2,17,8,1,1,-20,20,1,;SB;FB;NB;A125;I500;n35;P-20;B20;T1;X,NoError
1278,9,2,17,9,2,1,0,17,1,;SB;FB;NB;A125;I500;n35;P0;B17;T1;X,NoError
1279,10,2,17,10,0,1,-50,17,1,;SB;FB;NB;A125;I500;n35;P-50;B17;T1;X,NoError
1280,11,2,17,11,0,1,-50,19,1,;SB;FB;NB;A125;I500;n35;P-50;B19;T1;X,NoError
1281,12,2,17,12,3,1,20,18,1,;SB;FB;NB;A125;I500;n35;P20;B18;T1;X,NoError
1282,13,2,17,13,4,1,50,20,1,;SB;FB;NB;A125;I500;n35;P50;B20;T1;X,NoError
1283,14,2,17,14,0,1,-50,20,1,;SB;FB;NB;A125;I500;n35;P-50;B20;T1;X,NoError
1284,15,2,17,15,1,1,-20,17,1,;SB;FB;NB;A125;I500;n35;P-20;B17;T1;X,NoError
1285,16,2,17,16,4,1,50,17,1,;SB;FB;NB;A125;I500;n35;P50;B17;T1;X,NoError
1286,17,2,17,17,4,1,50,17,1,;SB;FB;NB;A125;I500;n35;P50;B17;T1;X,NoError
1287,18,2,17,18,4,1,50,17,1,;SB;FB;NB;A125;I500;n35;P50;B17;T1;X,NoError
1288,19,2,17,19,1,1,-20,20,1,;SB;FB;NB;A125;I500;n35;P-20;B20;T1;X,NoError
